<DOC>
	<DOCNO>100</DOCNO>
	<LABLE>HOAX</LABLE>
	<URL>broadcast messages</URL>
	<AUTHOR></AUTHOR>
	<TITLE>Pesan Dari Ketua Majelis Tabligh PP Muhammadiyah</TITLE>
	<TEXT>Info dari KH. Agus Tri Sundani, S.HI hafidzhahulloh
(Ketua majlis Tabligh PP Muhammadiyah, Anggota Majelis Fatwa MUI, Jakarta)

*PERHATIAN*
*_PENTING UNTUK DIKETAHUI DAN DISEBAR KE ULAMA ULAMA,RAKYAT,DAN UMAT ISLAM AGAR MEWASPADAI DAN SEKALIGUS BERSIAP-SIAP KEMUNGKINAN APA YANG TERJADI_*
Istana Merdeka terlibat bahkan membentuk team pemenangan untuk Ahok alias Zhong Wanxue
Team istana untuk pemenangan Ahok dikepalai oleh Diaz Hendropriyono yg juga staf khusus presiden bidang intelejen
Diaz Hendropriyono mendapat arahan langsung dari Luhut Binsar Pandjaitan yang ditunjuk Joko Oei
Ada beberapa nama yang masuk dan terlibat didalam team pemenangan Ahok tersebut
Ada nama Budi Gunawan, Gorries Merre, Ng So Kee, Haidar Nafis Gumay
Team ini mulai bekerja 1 Februari, dan langsung memiliki agenda agenda yang sudah disiapkan termasuk urusan di media, KPU dan intelejen
Dan luarbiasanya ada nama berinisial SS dari KPK serta salah satu hakim MK ikut dalam team sebagai 'bagian yg bisa digunakan'
Team pemenangan Ahok yang dibentuk istana diberikan wewenang dan hak hak luar biasa, bahkan bisa untuk meng-intervensi
LBP mendapatkan dukungan serta sokongan dana luar biasa untuk menginisiasi terbentuknya team pemenangan Ahok oleh Istana
Terbentuknya team pemenangan Ahok oleh Istana Merdeka akibat desakan dan tuntutan para taipan yang 'mengancam' akan melarikan modalnya
Kabinet kerja jongos taipan akhirnya tersandera sendiri untuk memuluskan suksesi Ahok alias Zhong Wanxue 'komunis' titipan indo china
Demi Indo China 2025, Ahok alias Zhong Wanxue harus dimenangkan dengan segala cara walau harus melibatkan tangan kekuasaan
1Team pemenangan Ahok juga sudah 'mengkondisikan' tiga lembaga survey dengan pencairan dana 500 milyar per satu lembaga survey
Pihak istana merdeka sepertinya siap mati matian memperjuangkan kemenangan buat Ahok demi mengikuti pesanan taipan
Kedepannya bersiaplah akan adanya aksi penangkapan menjelang masa pencoblosan 15 Februari, karena kepolisian sudah total tidak netral
Kepada seluruh kawan tuips, kami ingatkan untuk mewaspadai aksi 'yang akan menimbulkan' korban jiwa , satu pekan ke depan...
Sudah ada perintah untuk membuat skenario 'yang menimbulkan' korban jiwa untuk menutupi pemberitaan terkait Ahok
Luar biasa keji, rencana settingan berupa skenario 'yang menimbulkan' korban jiwa, telah disiapkan dan tinggal dijalankan
Diharapkan untuk meningkatkan kewaspadaan, atas rencana aksi 'yang menimbulkan' korban jiwa ini, #settingantingkattinggi
#FokusPenistaanAgama
#PenjarakanAhok
#SaveUlama
#Spitit212

Raih Amal Shalih...
SEBARKAN sebanyak banyaknya informasi bermanfaat ini ke Umat Islam lainnya, Syukron.</TEXT>
</DOC>