<DOC>
	<DOCNO>103</DOCNO>
	<LABLE>HOAX</LABLE>
	<URL></URL>
	<AUTHOR></AUTHOR>
	<TITLE>Sebaran Mengatasnamakan Ikatan Dokter Indonesia</TITLE>
	<TEXT>Mohon ijin info Ikatan Dokter Indonesia (IDI), menginformasikan bahwa saat ini sedang ada wabah Pengerasan Otak (Kanker Otak), Diabetes dan Pengerasan Sumsum Tulang Belakang (Mematikan sumsum tulang belakang).

Untuk itu, hindarilah minuman sbb:

1. Extra Joss,

2. M-150,

3. Kopi Susu Gelas (Granita),

4. Kiranti,

5. Krating Daeng,

6. Hemaviton,

7. Neo Hemaviton,

8. Marimas,

9. Segar Sari shachet,

10. Frutillo,

11. Pop Ice,

12. Segar Dingin Vit. C,

13. Okky Jelly Drink,

14. Inaco,

15. Gatorade,

16. Nabati,

17. Adem Sari,

18. Naturade Gold,

19. Aqua Splash Fruit. 

 20. Teh  Jafa   Karena ke-20 minuman tsb mengandung ASPARTAME (lebih keras dr biang gula) racun yg menyebabkan diabetes, v otak, dan mematikan sumsum tulang.
Info:

dr. H. Ismuhadi, MPH

Mohon dishare, sayangi keluarga</TEXT>
</DOC>