<DOC>
	<DOCNO>104</DOCNO>
	<LABLE>HOAX</LABLE>
	<URL></URL>
	<AUTHOR></AUTHOR>
	<TITLE>Kepemilikan PT DI atau yang dahulu bernama IPTN telah berpindah tangan menjadi milik pemerintah Republik Rakyat China</TITLE>
	<TEXT>Berita terlambat dari Bandung,

Innalillahi wa inna illaihi roji'un

Telah berpindah tangan, satu lagi BUMN strategis yang dibangu Soeharto dan Prof. Dok. Ing BJ Habibie kepada Asen (Cina)

Dengan ditandatanganinya pelunasan pembayaran dari pemerintahan Cina kepada pemerintahan Indonesia pada awal April 2017 oleh presiden Joko Widodo(disetujui dan ditanda tangani oleh ketua KPK, ketua DPR RI, dan Ketua Dewan Pertimbangan presiden) maka secara resmi kepemilikan PT. Dirgantara Indonesia/PTDI dh. IPTN NURTANIO, berpindah tangan menjadi milik pemerintahan Republik Rakyat Cina.


Dengan demikian, untuk selanjutnya, seluruh pesawat dan komponen hasil produksi, akan berlabel Made in Cina.

Setelah ini, apalagi yang akan dijual leh pemerintah RI?

Setelah harga diri dan kebanggaan bangsa ini, dijual oleh rezim Jokowi kepada Cina?

Kalau seperti ini yang Cinkolim itu siapa, Jokowi atau penista agama, sebab dengan adanya hal ini akan terjadi urbanisasi tenaga kerja orang2 Cina ke Bandung. Ini dapat dipastikan akan menendang tenaga kerja bangsa kita. Masihkah kita hanya duduk termenung dan berpangku tangan dengan kezholiman penguasa saat ini??</TEXT>
</DOC>