<DOC>
	<DOCNO>105</DOCNO>
	<LABLE>HOAX</LABLE>
	<URL>http://www.cumicumi.com/news/cumi-celebs/121513/bukan-gantung-diri-chester-bennington-dibunuh</URL>
	<AUTHOR></AUTHOR>
	<TITLE>Bukan Gantung Diri, Chester Bennington Dibunuh?</TITLE>
	<TEXT>Sebuah teori baru beredar di masyarakat terkait aksi bunuh diri Chester Bennington. Teori tersebut mengtakan bahwa Chester bukan gantung diri, melainkan dibunuh. Isu tersebut menyeruak ke publik karena adanya beberapa fakta yang ditemukan.
Keluarga Chester sendiri dilaporkan tak percaya sang artis menyerah dengan hidupnya. Selama ini, Chester Bennington berhasil berdamai dengan dirinya sendiri saat melawan semua penyakit mental hingga ketergantungan obat-obatan terlarang.
Seorang polisi Los Angeles, Amerika Serikat, yang tak mau disebutkan namanya, sempat berpikir hal tersebut saat masuk ke tempat kejadian perkara (TKP). Pembunuhan Chester Bennington dilakukan, dan orang tersebut menutupi aksinya dengan memberikan dalih sang artis bunuh diri.
"Ada pembunuhan yang terjadi dengan meyakinkan orang sekitarnya bahwa korban melakukan bunuh diri. Kami hanya perlu mengungkap dalang di balik semua ini. Kami sudah menemukan beberapa kasus," ungkap polisi setempat.

Selama ini, Chester Bennington dikenal sebagai aktivis yang memerangi pornografi pada anak dan pedofilia. Ada dugaan, Chester Bennington dibunuh oleh orang-orang yang mendukung tindakan asusila terhadap anak. Meskipun demikian, hingga dengan saat ini belum ada status resmi tentang kematian Chester selain bunuh diri. O edi/berbagai sumber</TEXT>
</DOC>