<DOC>
	<DOCNO>107</DOCNO>
	<LABLE>HOAX</LABLE>
	<URL>http://www.viva.co.id/berita/dunia/890298-pria-tewas-tertimbun-6-ton-majalah-porno</URL>
	<AUTHOR></AUTHOR>
	<TITLE>Pria Tewas Tertimbun 6 Ton Majalah Porno</TITLE>
	<TEXT>Pria di Jepang ditemukan tak bernyawa di apartemennya. Yang lebih mengenaskan, pria yang diidentifikasi bernama Joji, ditemukan tewas oleh petugas kebersihan dalam kondisi tertumpuk kumpulan majalah porno bekas.

Pria yang diprediksi berusia 50 tahun itu meninggal dengan tertimpa tumpukan koleksi majalah porno seberat enam ton. Dan bahkan yang lebih tragis, jasadnya ditemukan enam bulan kemudian, ketika pemilik apartemen memasuki kediaman Joji, untuk mencari tahu mengapa belum juga melunasi biaya sewa apartemen yang ditempati.

Dilansir laman Daily Mail, awalnya, tidak ada yang tahu jika Joji tewas. Namun, saat seorang petugas kebersihan diminta untuk membersihkan majalah yang berantakan, tak sengaja ditemukan jasad Joji.

Laporan pun menyebut, Joji merupakan mantan produsen mobil. Namun, tidak jelas penyebab pasti kematiannya. Entah karena serangan jantung dan jatuh menyenggol tumpukan majalah bekas, atau apakah ada yang sengaja memporak-porandakan majalah porno usang itu.

Petugas kebersihan itu pun mengatakan, setiap sudut ruang di apartemen itu penuh dengan tumpukan majalah, yang juga ditumpuk di meja dan rak-rak.

Ada juga kliping dari majalah erotis, yang digunting dari artikel favorit di sebuah majalah, dan sisa majalahnya dibuang begitu saja.

Setelah majalah-majalah yang berantakan itu dirapikan, lalu ditimbang, dan diketahui beratnya mencapai enam ton.</TEXT>
</DOC>