<DOC>
	<DOCNO>108</DOCNO>
	<LABLE>HOAX</LABLE>
	<URL></URL>
	<AUTHOR></AUTHOR>
	<TITLE>ISIS Sudah Masuk Madura</TITLE>
	<TEXT>Selamat pagi komandan ...mohon izin share :

*Info Terkini  dari Polda Jawa Timur.*

Polres Kabupaten Sumenep, Madura, Jawa Timur, mengimbau warga untuk mewaspadai keberadaan orang asing. Hal itu menyusul pernyataan Direktur Pencegahan Badan Nasional Penanggulangan Terorisme (BNPT), Brigjen Pol Hamidin yang menyebut ISIS sudah masuk kawasan Madura.

Mohon ijin share taruna agar tetap waspada dan saling mengingatkan..

Assalamualaikum wr wb,informasi A1 dari densus coverage wil solo khususnya rekan jajaran zebra apabila ada tptkp laka lantas pada malam hari di wil jateng dan jatim agar membawa senjata lengkap dan minimal 4 personel mengingat akan ada gerakan amaliyah dengan modus laka lantas, tks

wassalamu'alaikum wr. wb.

Nama  : Muhamad Alfian Nurzi

Alamat : Tanjung Raya Pontianak Timur

Pekerjaan : Mahasiswa Muhammadiyah dan Fotografer

Bergabung bersama ISIS sejak tahun 2014.</TEXT>
</DOC>