<DOC>
	<DOCNO>11</DOCNO>
	<LABLE>HOAX</LABLE>
	<URL>http://memo.co.id/10-juta-tenaga-kerja-dari-cina-masuk-indonesia-yang-legal-hanya-21-ribu-saja/</URL>
	<AUTHOR></AUTHOR>
	<TITLE>10 Juta Tenaga Kerja dari Cina Masuk Indonesia, Yang Legal Hanya 21 Ribu Saja</TITLE>
	<TEXT>
	Di tengah isu pengangguran rakyat Indonesia, Pemerintahan Joko Widodo membiarkan Tenaga Kerja Asing masuk Indonesia. Isu yang berkembang ada 10 juta tenaga kerja dari Cina berdatangan menggunakan visa wisata, tersebar di beberapa daerah di Jawa. Paling besar di Jawa Barat, kemudian di Jawa Timur dan di Jawa Tengah. Mereka meanfaatkan izin tinggal di Indonesia menggunakan visa kunjungan wisata.

	Biasanya setiap visa wisata yang diberikan pada orang asing ke Indonesia, pasti mendatangkan keuntungan atau pemasukan bagi pemerintah Indonesia. Sebab, mereka akan membelanjakan uang nya ke Indonesia. Namun, untuk Tenaga Kerja Asing dari Cina tersebut, mereka malah mendapatkan keuntungan. Karena memanfaatkan visa kunjungan wisata utuk bekerja. Ratusan juta uang yang seharusnya beredar di Indonesia, akan dibawa pulang ke Cina.

	Selain itu, angka pengangguran di tanah air semakin meningkat tajam. Lulusan sarjana di Indoesia, dipastikan akan menambah jumlah pengangguran, bila Pemerintahan Joko Widodo cenderung membiarkan keberadaan tenaga kerja asing dari Cina terus menerus berdatangan ke Indonesia. 
	
	Terkait merajalelanya tenaga kerja asing dari Cina ke Indonesia, Direktur Pengendalian dan Penggunaan Tenaga Kerja Asing Kementerian Ketenagakerjaan (Kemenaker), Rahmawati Yaunidar membantah jika terdapat 10 juta tenaga kerja asing (TKA) asal Cina Tiongkok di Indonesia.

	Menurutnya saat Ini hanya 21 ribu TKA Cina Tiongkok yang bekerja di sejumlah perusahaan di Indonesia.
	Mereka itu legal dan mendapatkan pengawasan dari Kemenaker, katanya dalam Seminar Nasional Serbuan Tenaga Kerja Asing ke Indonesia di Universitas Negeri Jakarta, Rawamangun, Jakarta Timur, Sabtu (17/12/2016).

	Dari jumlah tersebut sebanyak 60 persennya bekerja dengan menggunakan izin jangka pendek.
	Izin tersebut berlaku hanya enam bulan dan tidak dapat diperpanjang. Setelah selesai mereka harus pulang, ujarnya.

	Kebanyakan para TKA tersebut bekerja pada sektor konstruksi. Mereka memasangkan alat atau menerapkan teknologi yang digunakan Indonesia dari negara Tiongkok. Kebanyakan mereka bekerja pada bidang konstruksi, sekarang kan banyak tuh proyek-proyek. Jadi kebanyakan dari mereka memasangkan alat‎ yang dibeli Indonesia, ujarnya.
	Ia menghimbau masyarakat untuk tidak khawatir dan termakan isu-isu mengenai banyaknya TKA asal Tiongkok bekerja di Indonesa termasuk pada sektor informal‎.
	
	Sementara itu, di Jawa Timur, ribuan tenaga kerja asing Cina illegal juga berada di wilayah Greik, Mojokerto, Sidoajo dan Pasuruan. Mereka sudah berkeja di beberapa perusahaan. Hanya saja, meski keberadaan mereka sudah diketahui oleh Pemprov Jawa Timur, tidak ada upaya untuk mendeportasi ke negaranya. Padahal, mereka illegal dan bis abekerja di perusahaan perusahaan di sekitar kawasan industri di Jawa Timur.

	Wagub Jawa Timur Gus Ipul mengakui telah menerima laporan adanya tenaga kerja asing sudah masuk ke Gresik, Mojokerto dan Pasuruan. Sayangnya, Gubernur Jawa Timur Sukarwo yang akrab dipanggil Pak De Karwo, cenderung tutup mata. Melalui bawahan langsung yang berada di bawah garis komando Gubernur Pak De Karwo, yakni Dinas Tenaga Kerja dan Kependudukan (Disnkertransduk) Jawa Timur cenderung berdiam diri. Lemah dalam pengawasan, sehingga keberadaan TKA illegal cenderung tidak terkontrol.

	Jadi sebenarnya di Mojokerto juga ada. Di Pasuruan kami juga menemukan dan ada fotonya satu dua, kata Wagub Jatim Saifullah Yusuf (Gus Ipul) kepada wartawan.

	Gus Ipul juga mengatakan, keberadaan mereka illegal dan jelas itu merupakan pelanggaran. Dalam waktu tidak lama, Pemprov Jawa Timur segera menertibkan para pekerja asing illegal , sehingga segera bisa dideportasi ke tempat negara asalnya.

	Saya sebenarnya khawatir saja kayak di Bogor tidak bisa Bahasa Indonesia, akan tetapi punya KTP. Kalau di Jatim enggaklah, saya sudah pantau dan menelpon Pemkab Gresik dan meminta agar dilakukan tindakan konkrit, kata Gus Ipul meyakinkan. TKA asing di Bogor yang memiliki KTP meskipun tidak bisa bahasa Indonesia melibatkan jaringan yang sudah bercokol di semua lini pemerintahan.

	Sementara itu, Sekjen Aliansi Buruh Jawa Timur, Jamaluddin, meminta Pak De Karwo pro aktif dan mengambil langkah tegas melalui aparatur pemerintah yang ada dibawah kendalinya. Upaya yang dilakuakn harus benar-benar serius, jangan sampai sekedar lipstik saja. Tidak ada aksi tegas untuk memulangkan para tenaga kerja asing illegal tersebut.

	Pemerintah Daerah dan Aparat Hukum Terkait pelanggaran TKA harus melakukan upaya yang serius dan tegas untuk menyikapi maraknya TKA. Pemerintah juga harus gencar melakukan sweeping terhadap TKA yang bekerja di pabrik maupun pada proyek-proyek dan jika melanggar agar ditindak tegas dan dideportasi, kata Jamaluddin, sekjen Aliansi Buruh Jawa Timur.

	Data yang diperolah Memo dari ABJ, ada 2 ribu TKA illegal yang dipekerjakan oleh perusahaan-perusahaan di Jatim selama tahun 2016. Para TKA illegal itu bekerja di Surabaya, Gresik, Probolinggo, Pasuruan dan Lamongan. Kebanyakan mereka kerja di sektor manufaktur dan kelistrikan.
	</TEXT>
</DOC>