<DOC>
	<DOCNO>112</DOCNO>
	<LABLE>HOAX</LABLE>
	<URL>http://m.viva.co.id/bola/bola-nasional/948080-timnas-u-22-kehabisan-makanan-di-hotel</URL>
	<AUTHOR>Satria Permana</AUTHOR>
	<TITLE>Timnas U-22 Kehabisan Makanan di Hotel</TITLE>
	<TEXT>VIVA.co.id - Nasib sial menimpa Timnas Indonesia U-22. Mereka kehabisan makanan saat ingin menggelar sesi makan malam di Hotel Royale Chulan, Bukit Bintang, Sabtu, 19 Agustus 2017.
Cerita bermula kala VIVA.co.id ingin menyantap sajian di ruang makan Hotel Royale Chulan. Tak lama berselang, Dokter Timnas U-22, Syarief Alwi, datang untuk memeriksa menu makanan.
Syarief terkejut saat melihat baki-baki makanan yang kosong. Dia memberitahu staf pelatih Timnas U-22 bahwa makanan sudah habis.
Para pemain sudah terlanjur datang. Dan, mereka akhirnya harus menunggu makanan datang.
Kami pun sempat menawarkan makanan kepada para pemain. Namun, mereka menolaknya.
"Harusnya ini tak boleh terjadi. Kami biasa makan jam segini (pukul 21.00 waktu setempat). Waktu jadi pemain, berlaga di Brunei, menu makanan sangat banyak dan orang se-Jakarta makan pun mungkin tak habis," kata asisten pelatih Timnas U-22, Bima Sakti Tukiman, kepada VIVA.co.id.
Bima yang tak mau anak-anak asuhnya kelaparan kemudian berinisiatif mengambil roti yang tersisa. Alhasil, Hansamu Yama Pranata cs harus berebut roti demi mengganjal perut mereka.
Timnas Indonesia U-22 Kehabisan Makan di SEA Gams 2017
Timnas Indonesia U-22 Kehabisan Makan di SEA Gams 2017
Masalah ini akhirnya teratasi setelah ofisial Timnas U-22 meminta kepada koki hotel untuk memasak makanan yang baru. Dalam 30 menit, makanan seperti pasta, ayam, dan lainnya keluar.</TEXT>
</DOC>