<DOC>
	<DOCNO>117</DOCNO>
	<LABLE>HOAX</LABLE>
	<URL></URL>
	<AUTHOR></AUTHOR>
	<TITLE>Server Penuh</TITLE>
	<TEXT>Blackberry menginformasikan semua pengguna kami, bahwa server kami baru saja benar-benar penuh, jadi kami meminta bantuan anda untuk memperbaiki masalah ini. Kita perlu pengguna aktif kami untuk mengirim ulang pesan ini ke semua orang di daftar kontak anda untuk mengkonfirmasi pengguna aktif kami yang menggunakan Blackberry Messanger, jika anda tidak mengirim pesan ini ke semua kontak Blacberry messanger anda maka account anda akan ditetapkan tidak aktif dengan konsekuensidari kehilangan semua kontak anda. Simbol akan mengupdate otomatis dalam BB anda, ketika anda menyiarkan pesan ini. Blackberry anda akan diperbarui dalam waktu 24 jam itu akan memiliki lay out dan warna terbaru untuk chatting. Dear pengguna Blackberry, Kita akan melakukan update untuk BBM dari 11:00 sampai 05:00. Jika anda tidak mengirimkan ini ke semua kontak anda, anda tidak akan diizinkan untuk chatting dengan kontak anda. Pic lama anda tidak akan berubah, silahkan kirim pesan ini ke semua kontak. Bkan Broadcast sembarangan, ini serius, bisa di cek!!</TEXT>
</DOC>