<DOC>
	<DOCNO>12</DOCNO>
	<LABLE>HOAX</LABLE>
	<URL>Broadcast Message</URL>
	<AUTHOR></AUTHOR>
	<TITLE>Pancing Hujan Menggunakan Air Garam di Baskom</TITLE>
	<TEXT>
	Tolong bantu saudara kita di jambi. Disana hanya tersisa 5% udara yang layak.
	Hanya dengan langkah kecil.
	Darurat Asap !!
	Sediakan baskom air yang dicampur garam dan diletakkan diluar, biarkan menguap, jam penguapan air yang baik adalah sekitar pukul 11.00 s.d jam 13.00, dengan makin banyak uap air di udara semakin mempercepat Kondensasi menjadi butir air pada suhu yang makin dingin di udara.
	Dengan cara sederhana ini diharapkan hujan makin cepat turun, semakin banyak warga yang melakukan ini di masing-masing rumah, ratusan ribu rumah maka akan menciptakan jutaan kubik uap air di Udara.

	Lakukan ini satu rumah cukup 1 ember air garam, bsok Sabtu tgl 12 Sept, jam 10 pagi serempak..
	Mari kita sama2 berusaha utk mnghadapi kabut asap yg kian parah ini..
	Mohon diteruskan..
	Terima kasih
	</TEXT>
</DOC>