<DOC>
	<DOCNO>120</DOCNO>
	<LABLE>HOAX</LABLE>
	<URL></URL>
	<AUTHOR></AUTHOR>
	<TITLE>Peruntungan via Broadcast Dari Suku Maya</TITLE>
	<TEXT>Tahun ini di Bulan Juli ada 5x senin, 5x selasa dan 5x minggu, hanya terjadi 1 kali setiap 823 tahun. Dinamakan Kantong Duit. Bagi anda yang membagikan pesan ini, maka dalam 4 hari uang akan mencari anda. Pesan yang aslinya berasal dari suku Maya ini adalah pesan ajaib. Dalam 99 jam ke depan, bagikan pesan ini ke minimal 10 teman, termasuk saya. Pada tanggal 7 Juli anda akan berjodoh selamanya bersama dengan orang terpenting di hati anda. Dalam 10 orang akan ada 5 yang kirim balik. Harapan-harapan Anda akan terkabul tgl 6 Agustus. Mohon jangan sampai tidak disebarkan, sorry BC.ga ada salahnya dicoba</TEXT>
</DOC>