<DOC>
	<DOCNO>121</DOCNO>
	<LABLE>HOAX</LABLE>
	<URL></URL>
	<AUTHOR></AUTHOR>
	<TITLE>Hacker Video Seks</TITLE>
	<TEXT>PERHATIAN: HACKER SUDAH MULAI MASUK KE BBM DAN MEREKA MENEMPATKAN VIDEO SEKS MEMAKAI NAMA ANDA PADA DINDING TEMAN-TEMAN ANDA TANPA ANDA MENGETAHUINYA. ANDA TIDAK DAPAT MELIHATNYA TETAPI ORANG LAIN BISA MELIHATNYA SEOLAH-OLAH ANDA YANG MEMPUBLIKASIKAN SO JIKA ANDA MENERIMA SESUATU TENTANG VIDEO (barang kali atas nama saya) ITU BUKAN SAYA!! Salin ini ke dinding anda UNTUK KEAMANAN</TEXT>
</DOC>