<DOC>
	<DOCNO>122</DOCNO>
	<LABLE>HOAX</LABLE>
	<URL></URL>
	<AUTHOR></AUTHOR>
	<TITLE>BBM Terblokir</TITLE>
	<TEXT>Ini beneran loh barusan ada di Tv one:Ini 5,6 SORRY FOR BROADCAST. BUT IT HAPPENS TO ME. THANKS
MAAF , MINTA WAKTUNYA SEBENTAR.
KAMI DARI PIHAK BLACKBERRY OFFICAL INGIN MEMBERITAHUKAN AGAR PENGGUNA AKTIF BBM MEMAKLUMI KAMI JIKA BBM AKAN TERBLOKIR. KAMI TIDAK BERMAKSUD MENGGANGU KENYAMANNAN ANDA , KAMI HANYA INGIN BBM AKTIF SELALU. KAMI HANYA MEMINTA TOLONG UNTUK BROADCAST PESAN INI KE SEMUA YG ADA DI CONTACT ANDA , SEBAB JIKA TIDAK DI KIRIM KPD SEMUA TEMAN DI CONTACT ANDA, ANDA AKAN MENDPT KERUGIAN , TEMAN2 ANDA YG ADA DI CONTACT ANDA AKAN TERHAPUS DGN SENDIRINYAA. DAN BBM ANDA AKAN KEBLOKIR . TERIMAKASIH ATAS PERHATIANNYA.. KAMI HANYA MINTA WAKTUNYA SEBENTAR UNTUK MEMBROADCAST PESAN INI KE SEMUA ORG DI CONTACT ANDA ..
​HARAP DI KIRIMKAN KE SEMUA TEMAN BBM ANDA, KARENA SERVER DI KANADA MAU DI TUTUP KARENA LEMOT .
KALAU TIDAK BBM ANDA AKAN OTOMATIS TERHAPUS..
ALIAS REFRESH.
INI PESAN REBUTAN..
SIAPA LAMBAT BBM ANDA AKAN TERHAPUS.

(RIM BLACKBERRY JAKARTA)
BERITA SELENGKAPNYA BACA DI DETIK.COM
Sorry ya bc :) pecaya ga pecaya cek aja langsung ke detik.com,cuma nerusin bbm dari orang. Thanx</TEXT>
</DOC>