<DOC>
	<DOCNO>123</DOCNO>
	<LABLE>HOAX</LABLE>
	<URL></URL>
	<AUTHOR></AUTHOR>
	<TITLE>Dijerat ke Jalur Hukum Oleh RIM BB Indonesia</TITLE>
	<TEXT>From: RIM BLACKBERRY INDONESIA
To: (nomor PIN BlackBerry)
Subject:
Sent: Jun 21, 2011 12:08 PM

Kami RIM BLACKBERRY INDONESIA, bekerja sama dengan Badan Intelejen Negara. Telah mendapatkan data bahwa perangkat BlackBerry saudara telah disalahgunakan dengan meng-akses dan menyebarluaskan pornografi. Kami telah melacak semua data saudara baik perangkat Blackberry, IP address internet, dan semua data pribadi anda.

Maka dengan pesan ini, kami akan memproses kasus saudara ke jalur hukum sesuai dengan pasal-pasal pornografi dan pornoaksi yang telah di sahkan oleh Negara Republik Indonesia. Karena telah melanggar pasal-pasal tersebut.

Jika saudara tidak mengindahkan ataupun membalas peringatan dari kami, maka kami akan bekerja sama dengan badan hukum negara akan memproses saudara ke jalur hukum, sesuai dengan peraturan yang berlaku. Dalam waktu 2 x 24 jam dari sekarang.

Hormat kami,

RIM BLACKBERRY INDONESIA</TEXT>
</DOC>