<DOC>
	<DOCNO>124</DOCNO>
	<LABLE>HOAX</LABLE>
	<URL></URL>
	<AUTHOR></AUTHOR>
	<TITLE>Pengguna BBM Non Aktif</TITLE>
	<TEXT>Dear pengguna  yang terhormat :
kami informasikan bahwa kemarin RIM menurunkan kecepatan, karena pengguna non aktif  sudah terlalu banyak. kami mengirim pesan ini hari ini untuk memeriksa aktifitas pengguna  . harap juga meneruskan pesan ini ke seluruh pengguna lain di kontak anda dengan menggunakan copy dan paste untuk menguji aktifitasnya. jika anda tidak mengirim pesan ini dalam waktu 1x24 jam maka kami akan secara otomatis menghapus account anda yang termasuk bbm,Chat,FB,Twitter,Percakapan Online serta aktifitas yang berhubungan dengan  akan Berakhir
Sekian dan terimakasih.
Hormat kami
Reseacrh In Motion limmited.</TEXT>
</DOC>