<DOC>
	<DOCNO>125</DOCNO>
	<LABLE>HOAX</LABLE>
	<URL></URL>
	<AUTHOR></AUTHOR>
	<TITLE>BB Rusak karena Pelindung Chasing</TITLE>
	<TEXT>99% kerusakan  Blackberry disebabkan karena penggunaan pelindung casing

Hasil penelitian lab RIM Canada telah membuktikan bahwa mayoritas kerusakan Blackberry diakibatkan karena penggunanya memasang pelindung seperti silicon, hard case, dan sejenisnya yg menyebabkan panas justru terperangkap didalam BB dan akibatnya komponen elektronik di dalamnya kepanasan. Hal ini makin diperparah jika pengguna mencharge BB dengan kondisi pelindung casing terpasang, karena batere yg dicharge menghasilkan panas yg bila terhambat pelepasannya akan merusak board komponen elektronik didalamnya. Komponen yang mulai rusak akan menyebabkan berbagai gejala seperti menurunnya kinerja (alias lemot) karena "memory leak" akibat chip memory yg mulai rusak kepanasan. Gejala "Hang" seperti jam pasir yg mengharuskan untuk merestart BB juga mengindikasikan jalur board komponen yg mulai rusak akibat panas.

BB seharusnya tidak membutuhkan reset/cabut batere secara berkala, bila sampai harus melakukan itu berarti komponennya mulai rusak akibat penggunaan pelindung casing.

Ketika diwawancari, manajer teknis RIM, Timothy Arthur, mengatakan bahwa penggunaan pelindung case sebenarnya menyalahi aturan, karena kalau memang BB memerlukan itu, dari pabriknya pasti sudah disertakan dalam box penjualannya.

Timothy menambahkan juga bahwa selain pelindung case silicon dan hard case, leather case dgn kancing bermagnet juga merupakan "pembunuh" BB. Radiasi medan magnet pada kancing leather case sekalipun kecil, dapat membuat komponen elektronik didalamnya harus bekerja extra 20x lebih keras utk menembus medan magnet. BB yang ditempatkan di leather case dengan kancing bermagnet akan mengalami "penuaan dini" dan mati total sebelum waktunya.</TEXT>
</DOC>