<DOC>
	<DOCNO>127</DOCNO>
	<LABLE>HOAX</LABLE>
	<URL></URL>
	<AUTHOR></AUTHOR>
	<TITLE>RIM BB Indonesia Update BBM</TITLE>
	<TEXT>Hai,utk temen" yg dpnya Ğaќ bisa keganti baca Ɣaa!
Kita dari Pihak RIM BB indonesia akan melakukan update untuk BBM dari 11:00 WIB sampai Jam 17:00 WIB. Jika Anda tidak mengirimkan pesan ini ke semua kontak Anda , Maka Server BBM Anda akan dibatalkan dan Anda tidak akan diizinkan lagi untuk chatting dengan kontak Anda.

Jika anda Tidak Broadcast Pesan ini Maka :

-BB anda akan keluar jam pasir
-BB Anda terancam di suspend
-BB anda bisa Lemot/Jam pasir
-BB anda bisa HANK/Mati Total

Silahkan kirim pesan ini ke semua kontak
Bukan broadcast sembarangan
Ini serius!! Bisa dicek</TEXT>
</DOC>