<DOC>
	<DOCNO>129</DOCNO>
	<LABLE>HOAX</LABLE>
	<URL></URL>
	<AUTHOR></AUTHOR>
	<TITLE>Bahaya Menempel Plester Penurun Panas di Dahi</TITLE>
	<TEXT>Kalau anak demam, JANGAN tempel cool fever di dahi... Alasan : Sebenarnya belakang dahi adalah otak dan jika suhu badan panas, Cool Fever akan menarik panas tersebut berkumpul di situ sebelum ianya reda. Sekiranya ia dilakukan dengan kerap, ia boleh menyebabkan kerosakan otak yang dikenali sebagai CEREBRAL PALSY. Sebaliknya, tempelkan cool fever tersebut di belakang tengkuk yang mana ia akan bertindak sebagai termostat untuk meredakan suhu panas. Wallahualam</TEXT>
</DOC>