<DOC>
	<DOCNO>131</DOCNO>
	<LABLE>HOAX</LABLE>
	<URL>broadcast messages</URL>
	<AUTHOR></AUTHOR>
	<TITLE>PM RRC ancam Indonesia bila tragedi 98 terulang lagi</TITLE>
	<TEXT>Jika memang Pemerintah gagal melindungi warga keturunan kami disana,dan terulang lagi sejarah kelam itu.Maaf jika kami pemerintah Tiongkok pun akan mencoba menaikkan banding kami ke Badan Persatuan Bangsa-Bangsa untuk mengirimkan pasukan pengamanan kami ke Indonesia,Demi memindahkan keturunan kami disana
Serta hubungan dari segi bisnis,perdagangan,bilateral,dan yang lainnya benar-benar akan kami putus dengan Indonesia.Mohon maaf sebelumnya tapi kami juga mempunyai hak untuk melindungi warga keturunan kami dimanapun mereka berada,Jika terjadi penindasan secara sosial dan nyawanya terancam.Tapi tetap dibalik itu semua kami tidak akan mendahului Pemerintahan RITegasnya</TEXT>
</DOC>