<DOC>
	<DOCNO>134</DOCNO>
	<LABLE>HOAX</LABLE>
	<URL>broadcast messages</URL>
	<AUTHOR></AUTHOR>
	<TITLE>Ustadz Suratman Korban Pengeroyokan Kader GMBI Meninggal Dunia</TITLE>
	<TEXT>Kabar duka menyelimuti ormas Front Pembela Islam (FPI). Satu kader ormas pimpinan Habib Rizieq Sihab, bernama Ustadz Suratman, ini dikabarkan meninggal dunia. Kabar Duka saudara muslim kita yg dr Bogor yg d keroyok GMBI di Bandung. salah satunya adalah Ust Suratman guru d Darunnajah Cipinang.. adalah lulusan Gontor asal Weleri Kendal.. kemarin 17 jan, wafat. Innalillahi wainnaillaihi rojiun.. mohon doa untuk beliau..smoga Husnul khotimah.aamiin, demikian bunyi pesan yang tersebar di kalangan wartawan, Rabu (18/1/2017)

Ustadz Suratman adalah salah satu korban pengeroyokan kader LSM Gerakan Masyarakat Bawah Indonesia (GMBI) binaan Kapolda Jawa Barat Inspektur Jendral Anton Charliyan. Ustadz Suratman dikeroyok saat pulang setelah mengawal pemeriksaan Habib Rizieq di Mapolda Bandung Jawa Barat.

Diketahui, Ustadz Suratman adalah salah satu guru di Darunnajah Cipinang. Dia adalah lulusan Pondok Pesantren Modern, Gontor. Dia berasal Weleri Kendal. (HR)</TEXT>
</DOC>