<DOC>
	<DOCNO>136</DOCNO>
	<LABLE>HOAX</LABLE>
	<URL>broadcast messages</URL>
	<AUTHOR></AUTHOR>
	<TITLE>Museum Nasional Menggelar Pameran Budaya Arab</TITLE>
	<TEXT>Assalamuallaikum wr wb
ada info: Ayooo ke musium gajah ada pameran budaya arab. Dapat souvenir gratis Al Qur'an dari saudia arabia....poster mesjid Nabawi dan Masjidil haram....makan berbagai kurma sepuasnya...bs bw pl diijinkan.. jgn lupa bw plastik kecil kl pk tisue yg disediakan lengket...minum kopi arab dan zam2 disediakan....sp tgl 30 Maret 2017
Waktu Kunjungan dan Tiket Masuk:
Senin dan hari besar nasional : Tutup
Selasa - Jum'at : 08.00 - 16.00
Sabtu - Minggu : 08.00 - 17.00
Tiket Masuk
1. Pengunjung Perorangan :
a. Dewasa : Rp 5.000,-
b. Anak-anak : Rp 2.000,-
2. Pengunjung Rombongan (minimum 20 orang)
a. Dewasa : Rp 3.000,-
b. Anak-anak (TK s.d. SMA) Rp 1.000,-</TEXT>
</DOC>