<DOC>
	<DOCNO>138</DOCNO>
	<LABLE>HOAX</LABLE>
	<URL>facebook</URL>
	<AUTHOR>SAL</AUTHOR>
	<TITLE>Ramai Kabar Singapore Airlines Terbakar di Changi, Kejadian Kapan?</TITLE>
	<TEXT>SQ , pagi ini jm 02.30 dari Spore ke Milan Italia, perjalanan 2jam lbh sayap pesawat minyak nya bocor dan pswt nya balik lagi ke Spore, setelah mendarat 10menit lgsg kebakaran sayap pswtnya. Tapi dpt segera dipadamkan. Yg Sangat Berjasa adalah Grew Pilot dan Penumpangnya TENANG dan KERJASAMA YG BAIK.

SAL juga menyertakan 2 video dalam postingan mengenai kejadian kebakaran pesawat ini. Status Facebook SAL pun dilihat dan dishare oleh banyak pengguna Facebook lain.</TEXT>
</DOC>