<DOC>
	<DOCNO>14</DOCNO>
	<LABLE>HOAX</LABLE>
	<URL>http://politiktoday.com/disebut-akan-nyapres-panglima-tni-akan-diganti/</URL>
	<AUTHOR></AUTHOR>
	<TITLE>Disebut Akan Nyapres, Panglima TNI Akan Diganti ?</TITLE>
	<TEXT>
	Prgantian posisi panglima TNI tinggal menunggu waktu. Sikap jenderal gatot nurmantyo yang kerap berseberangan dengan pemerintah menjadi alasan posisi orang nomor satu di TNI perlu diisi oleh jenderal yang baru.
	
	Demikian disampaikan pengamat politik dari Universitas Islam Negeri Jakarta Adi Prayitno dalam keterangan yang diterima redaksi, Rabu (6/7).
	
	Adi menjelaskan pemerintah belakangan ini kerap dihadap dengan kelompok keagamaan tertentu efek pilkada dki jakarta, namun pada saat bersamaan komentar dan sikap gatot lebih membela kelompok tersebut.
	
	"Gatot kerap mengumbar kemesraan dengan kelompok tertentu itu. Perbedaan sikap politik inilah yang menjadi sebab utama kursi panglima tni menjadi panas," kata Adi.
	
	Motif pergantian lainnya, sebut adi, tindakan gatot selama ini syarat muatan dan misi politik terkait kepentingan pilpres 2019. Gatot dilihat Adi, memupuk kedekatan dengan pemilih muslim untuk dijadikan bekal maju pada pilpres mendatang.
	
	"dua alasan ini sudah lebih dari cukup untuk mengganti posisi panglima yang sepertinya sudah sering keluar batas kewenangannya sebagai panglima TNI" kata Adi.
	
	Manuver Gatot, dibaca Adi, membuat Gatot merasa di atas angin. Mesti tak berpartai, kedekatan dengan umat islam dianggap sebagai modal awal untuk maju dalam pilpres nanti. Gatot percaya diri akan didukung oleh umat islam.
	
	di lain hal adi mencontohkan, Gatot terlihat agresif mengisi seminar kebangsaan yang diselenggarakan perguruan tinggi, organisasi masyarakat, termasuk partai politik. karenanya adi curiga aktivitas ini dimanfaatkan gatot untuk memoles citra untuk mendulang insentif elektoral pilpres.
	
	"Tak mungkin aktif blusukan jika tak ada maksud ngapres. tentu saja aktivitas ini berefek negatif kepada instansi tni. ingat, tni tak bisa masuk atau melakukan politik praktis. Tapi, Gatot seolah memanfaatkan jabatannya untuk meraup dukungan politik." tukas Adi.
	</TEXT>
</DOC>