<DOC>
	<DOCNO>140</DOCNO>
	<LABLE>HOAX</LABLE>
	<URL>facebook</URL>
	<AUTHOR>SA</AUTHOR>
	<TITLE>Geger Motor 'Hantu' Terparkir 2 Tahun di Jalan dan Tak Bisa Dipindah</TITLE>
	<TEXT>Misteri motor hantu... pemilikx meninggal 2tahun lalu di lokasi ini dan sudah 2tahun lebih pula motor ini trparkir disana tanpa ada xg bisa memindahkanx.. setiap kali di pindahkan motor ini akan kembali sendiri ke lokasi ini.. jika anda aering melintasi jalur kendari - sulteng anda akan melihat motor ini di wilayah jalan poros sebelum batas... ngeriii .</TEXT>
</DOC>