<DOC>
	<DOCNO>142</DOCNO>
	<LABLE>HOAX</LABLE>
	<URL>broadcast messages</URL>
	<AUTHOR></AUTHOR>
	<TITLE>PT DI Dijual ke China</TITLE>
	<TEXT>Telah berpindah tangan satu lagi BUMN strategis yang dibangun oleh Alm Soeharto dan Prof DR Ing BJ Habibie... Dengan ditandatanganinya pelunasan pembayaran dari pemerintah Cina kepada pemerintah Indonesia pada awal April 2017 oleh Presiden Joko Widodo (disetujui dan ditandatangani oleh Ketua KPK, ketua DPR RI dan ketua dewan pertimbangan presiden) maka secara resmi kepemilikan PT Dirgantara Indonesia/PTDI dh. IPTN NURTANIO berpindah tangan menjadi milik pemerintah Tjina.

Dengan demikian, untuk selanjutnya, seluruh pesawat dan komponen hasil produksi akan berlabel Made in Cina.</TEXT>
</DOC>