<DOC>
	<DOCNO>143</DOCNO>
	<LABLE>HOAX</LABLE>
	<URL>broadcast messages</URL>
	<AUTHOR></AUTHOR>
	<TITLE>Warga Asyik Merekam Baku Tembak Teroris di Mojokerto</TITLE>
	<TEXT>Mohon ijin komendan melapaporkan kejadian kontak senjata tadi pagi tgl 25 April 2017 sekitar jam 06.48.16 WIB di area hutan perkebunan teh ds Jembul kec. Jatirejo, Kabupaten Mojokerto,
Jawatimur dilereng gunung anjasmoro timur berbatasan dgn desa pait kecamatan kasembon malang, perkiraan zona 108derajad LS, 110derajad BT sbb.:
aaa: Pelaku diperkirakan berjumlah 12 orang umur antara 30 - 40 tahun.
bbb : senjata yang digunakan diperkirakan jenis AK 47, M 16, SS 1.
ccc: OTK ( Orang tdk dikenal ) tersebut berpapasan dgn Pol sus kehutanan yg sedang berpatroli berjumlah 3 orang, maka terjadilah kontak senjata. Karena kurang jumlah maka polsus kehutanan mundur sambil mengontak pimpinan dan minta bantuan koramil dan polsek setempat. Lebih kurang 20 menit datang pasukan bantuan dgn kekuatan 14 personil koramil dan polsek dgn kekuatan senjata M 16 4 pucuk, SS 1 jumlah 2 pucuk. LE 1 pucuk, Revolver standar polri COLT SP 38 5 pucuk, FN 45 2 pucuk ( JAT MU kekuatan penuh) 
ddd : OTK tersebut diperkirakan teroris sempalan kelompok SANTOSO POSO SULTENG yg tersisa dan melarikan diri ke lereng gunung anjasmoro. 
eee: belum diketahui korban jiwa, sementara penduduk sekitar tdk mau diungsikan bahkan ada penduduk yang merekam kejadian tsb.
ggg: Lanjut laporan akan kami laporkan setiap 15 menit melalui komunikasi radio PPRC dan HT ALINCO DJ 196 anggota polsek DUMP Demikian untukm menjadikan periksa.</TEXT>
</DOC>