<DOC>
	<DOCNO>144</DOCNO>
	<LABLE>HOAX</LABLE>
	<URL>broadcast messages</URL>
	<AUTHOR></AUTHOR>
	<TITLE>Bandara Kulon Progo Buka Lowongan, Gaji Minimal Rp 6,5 Juta</TITLE>
	<TEXT>##ayooo yg punya anak, saudara, adik, tetangga suruh pd nglamar bandara jogja yg baru...

Di Buka Lowongan Kerja 
PT.Angkasa Pura Airports Kulon Progo
(Perusahaan pengelola bandar udara)...

Di Butuhkan Karyawan/ti untuk Mengisi Posisi :

 Aviation Security Officer
 Fly Security
 Fire Fighting Officer
 Apron Movement
 Controller/Avia Bridge
 Air Traffic Controller
 Aircraft Maintenence
 Engineer
 Flight Operation Officer
 Perawat
 Marshaller
 Check In Counter
 Costumer Service
 Pemadam kebakaran
 Driver
 Mekanik

Fasilitas :
- Gaji Pokok UMR Rp 6.500.000,-
- Uang Makan
- Mess / Transport / jemputan
- Seragam
- BPJS
- Premi Kehadiran
- THR

PERSYARATAN
1. Pria / Wanita 
2. Usia 18 - 45 Thn
3. Pendidikan Min SMA / SMK sederajat.
4. Memiliki penampilan dan komunikasi yang baik

Kirimkan Surat Lamaran kerja dan CV anda lewat email : rekrutmen.angkasapura1@gmail.com

Bantu BC ya informasi lowongan kerjanya mungkin saja bisa bermanfaat AA
Indahnya berbagi</TEXT>
</DOC>