<DOC>
	<DOCNO>146</DOCNO>
	<LABLE>HOAX</LABLE>
	<URL>broadcast messages</URL>
	<AUTHOR></AUTHOR>
	<TITLE>Kelompok Massa Berencana 'Serang' Kafe di Braga Bandung</TITLE>
	<TEXT>FYI..

Himbauan...kepada warga Bandung yg akan melintasi jl.Braga pada Hari Selasa,tgl.4 april pkl.19.00 di mohon untuk berhati"sehubungan akan ada pergerakan dari kel.Besar BBC untuk mendatangi salah satu Cafe ( Express Beer ) untuk meminta pertanggung jawaban dari pihak management,karena ada salah satu Anggota BBC / Boxtor yg di keroyok oleh 8 -10 orang,korban dalam kondisi sangat memprihatinkan.sekian informasi ini di sampaikan untuk menghindari Hal"yg tidak di inginkan. 
Dapet bc dari group sebelah apakah benar berita ini, Min... takut nya hoax....</TEXT>
</DOC>