<DOC>
	<DOCNO>147</DOCNO>
	<LABLE>HOAX</LABLE>
	<URL>broadcast messages</URL>
	<AUTHOR></AUTHOR>
	<TITLE>Orang Nyamar Petugas PLN-PDAM Rampok Rumah Warga Surabaya</TITLE>
	<TEXT>Info penting..sepenting kopi pagi hari: 

Untuk warga Surabaya, Khususnya warga daerah Ngagel - Bratang - Barata - Pucang - Juwingan - Kertajaya - Manyar - Klampis - Semolo - Rungkut dan sekitarnya. Harap "lebih sering" mengingatkan orang yang tinggal di rumah antara pukul 08.00 - 14.00 WIB untuk "lebih waspada". 

Berdasar info dan laporan dari beberapa warga sudah sejak hari Jumat, 10 Febuari 2017 mulai lagi "muncul" rombongan 2 - 3 orang, dengan 2 motor yang 1 Yamaha Mio warna biru.

Modus : 

a. Pura-pura jadi petugas PDAM 
b. Pura-pura jadi petugas PLN 
c. Pura-pura hendak beli rokok di toko/warung kecil. 

Satu atau 2 orang mengalihkan perhatian, satu orang menerobos ke dalam rumah. Tingkatkan waspada. Terima kasih.

Note: Sudah beroperasi di Medokan Ayu dan sekitarnya. Sudah terjadi 48 kejadian di wilayah Rungkut saja.</TEXT>
</DOC>