<DOC>
	<DOCNO>149</DOCNO>
	<LABLE>HOAX</LABLE>
	<URL>broadcast messages</URL>
	<AUTHOR></AUTHOR>
	<TITLE>Tabung Elpiji Kedaluwarsa Pasca Tabung Meledak di PHD Bekasi</TITLE>
	<TEXT>Setelah kejadian tabung elpiji meledak di Pizza Hut Bekasi. (Semoga bermanfaat Bagi TS yg masih memakai gas elpiji tabung)

TABUNG nya gas elpiji ada masa kadaluwarsanya. 
Jika anda membeli gas, harap diperiksa terlebih dahulu, kapan TABUNG tersebut berakhir masa pakainya?
Penulisan kadaluwarsa berupa "ALFA CODE". Contoh: "A 16"

A = Januari - Maret
B = April - Juni
C = Juli - September
D = Oktober - Desember

maka A 16 adalah :
Jan - Mar tahun 2016.

Sebarkan pengetahuan ini , barangkali anda bisa menyelamatkan seseorang. Ini penting karena tabung gas yang sudah kadaluwarsa bisa berbahaya.</TEXT>
</DOC>