<DOC>
	<DOCNO>150</DOCNO>
	<LABLE>HOAX</LABLE>
	<URL>broadcast messages</URL>
	<AUTHOR></AUTHOR>
	<TITLE>Aksi Balas Dendam Pelaku Begal Motor</TITLE>
	<TEXT>Sekalipun ini hoax mohon jadi perhatian berita ini Copas dari grup sebelah. Bantu bc aja. Mohon perhatian sebentar!
Hati2 utk Wilayah seluruh negara indonesian.

Pihak kepolisian akan melakukan Razia besar2an di semua titik.
Razia dilakukn dengan gabungan mulai dari Mabes, Polda, Polres hingga Polsek.
Karena banyak kerabat para Pembegal atau Genk motor yang akan membalas dendam dikarenakan rekan2 mereka banyak yg tertangkap dan ada juga yang dibakar.

Mereka berkata: "bahwasannya kami para pembegal motor akan membalas dendam atas perlakuan masyarakat yang main bakar terhadap angota kami, bahkan akan lebih kejam dan brutal di jalanan".

Mereka berjanji setiap ada pengendara sepeda motor di pagi sd malam dan dini hari akan dibacok dan dicincang.
Tlg sebarkn informasi ini bhw mulai jam 10 malam besok sampai dengan dini hari, penduduk dilarang beraktifitas keluar rumah disebabkn adanya teror balas-dendam dr komplotan pembegal dan Genk motor.

Tadi siang kantor Polsek dilempari kertas yang bertulisan, "Nyawa harus dibayar dengan Nyawa dan kami akan bertumbuh menjadi besar,"

Para warga dihimbau JANGAN keluar pada mlm dan dini hari utk sementara, jika TIDAK ada hal-hal yang mendesak.
Demikian pesan dr Humas Mabes-Polri.
Bantu Share yaa ..
demi keselamatan kwn2 dan keluarga kita.
Tks.</TEXT>
</DOC>