<DOC>
	<DOCNO>151</DOCNO>
	<LABLE>HOAX</LABLE>
	<URL>https://pstutors.wordpress.com/2016/02/10/alhamdulillah-aktor-terkenal-jackie-chan-masuk-islam/</URL>
	<AUTHOR></AUTHOR>
	<TITLE>Alhamdulillah, Aktor Terkenal Jackie Chan Masuk ISLAM</TITLE>
	<TEXT>ISLAM mengajarkan untuk tidak memaksa dalam memeluk agama dan keyakinan. Namun, kabar beredar bahwa aktor laga terkenal asal Hongkong, mendapatkan hidayah untuk memeluk islam.

Jackie Chan dikabarkan berpindah agama menjadi Muslim. Kabarnya, Jackie masuk islam saat dia berada di Filipina. Sedangkan pembaiatnya sendiri terjadi di Malaysia, bersamaan dengan pemberian gelar datuk pada Chan oleh kerajaan Malaysia.

Organisasi Muslim China, OIC mengucapkan selamat kepada Chan atas kabar berpindahnya Chan menjadi seorang Muslim. Jackie Chan mewakili dari jumlah 200 juta Muslim China.

Tidak hanya itu, Chan juga dikabarkan banyak berbicara soal saudara Muslim Uighur dan komunitas Muslim Hui-Hui di provinsi Xinjiang yang selama ini di diskriminasi oleh pemerintah Tiongkok.

Kini saya menjadi Juru Bicara Muslim Uighur, Kata Chan. Ucapan itu ditujukan Chan pada Ban Ki Moon selaku Sekjen PBB.</TEXT>
</DOC>