<DOC>
	<DOCNO>155</DOCNO>
	<LABLE>HOAX</LABLE>
	<URL>https://www.facebook.com/groups/prabowofornkri/permalink/893416970810596/</URL>
	<AUTHOR>Wisya Apriani Glautama</AUTHOR>
	<TITLE>Indonesia Siaga 1 Setelah Pilkada, Tentara Cina Komunis Akan Makar</TITLE>
	<TEXT>Semalam beberapa teman ayah saya dari anggota Kostrad TNI ada menyambangi rumah kediaman ayah saya yang juga anggota kostrad TNI,saya pun ikut mengikuti pembicaraan mereka.
 Indonesia siaga 1,setelah pilkada nanti entah itu ahok menang atau pun kalah , tentara cina komunis dan sekutunya ingin melakukan makar berdarah diindonesia ingin mengambil alih kekuasaan indonesia dengan dalih mengamankan warga cina di indonesia dari teroris padahal sebenarnya mereka ingin mengambil kekuasaan diindonesia,tentara myanmar pun sedang menuju aceh untuk membalas atas warga budha yang dihukum cambuk diaceh,kekuatan TNI terpecah ada yang diaceh dan dijakarta,anak-anakn TNI pun diperintahkan menjaga pilkada dki.
Wisya apriani,komplek kostrad tanah kusir bintaro , jakarta-selatan</TEXT>
</DOC>