<DOC>
	<DOCNO>157</DOCNO>
	<LABLE>HOAX</LABLE>
	<URL>https://www.facebook.com/groups/prabowofornkri/permalink/893416970810596/</URL>
	<AUTHOR></AUTHOR>
	<TITLE>Vaksin Kanker Serviks Menyebabkan Menopause Dini</TITLE>
	<TEXT>Ini menyeramkan! Info dari kawan-kawan:vaksin kanker serviks yang ditujukan kepada anak-anak SD ini akan menyebabkan menopause dini. Dan lebih anehnya lagi, kenapa sasarannya anak-anak SD? Mengapa tidak ke perempuan-perempuan yang sudah mulai aktif dalam aktivitas sex. Jadi timbul pertanyaan: Apakah ini upaya untuk menekan jumlah populasi bangsa Indonesia karena ada agenda manusia Cina untuk Indonesia?</TEXT>
</DOC>