<DOC>
	<DOCNO>159</DOCNO>
	<LABLE>HOAX</LABLE>
	<URL>http://www.lampung1.com/2017/02/aceh-heboh-makhluk-raksasa-ini-keluar-dari-dasar-laut-pertanda-bencana-besar/</URL>
	<AUTHOR>admin</AUTHOR>
	<TITLE>ACEH HEBOH! Makhluk Raksasa Ini Keluar Dari Dasar Laut, Pertanda Bencana BesarA</TITLE>
	<TEXT>LAMPUNG1.COM, Aceh - Masifnya pergerakan lempeng bumi di Indonesia menyebabkan gempa sering terjadi. Terlebih lagi di Sumatera. Pergerakan aktif lempeng tektonik ternyata memicu magma di bawah Danau Toba.

Tak hanya itu, Cumi-cumi raksasa pun keluar dari dasar laut karena goyangan bumi yang begitu kuat.

Seperti dilansir dari NationalGeograpic.com, seekor Cumi raksasa terdampar di pantai Meulaboh dan menggegerkan warga.

Warga, aparat polisi dan TNI bekerjasama mengevakuasi Cumi sepanjang 49 meter tersebut kembali ke lautan dalam.

Sebagian warga meyakini peristiwa ini sebagai pertanda akan datang bencana alam hebat seperti tsunami pada 2004.

Saya yakin ini adalah pertanda akan adanya bencana besar seperti tsunami yang meluluhlantakkan Aceh tahun 2004 silam, kata Amir (35), nelayan yang pertama kali menemukan Cumi raksasa tersebut.(Red)</TEXT>
</DOC>