<DOC>
	<DOCNO>16</DOCNO>
	<LABLE>HOAX</LABLE>
	<URL>Broadcast Message</URL>
	<AUTHOR></AUTHOR>
	<TITLE>vaksin kanker serviks akan menyebabkan MENOPAUSE DINI</TITLE>
	<TEXT>
	BEJADNYA PETAHANA MEMBERIKAN VAKSIN KANKER SIRVICS PADA ANAK2 SD

	Ini menyeramkan! 

	vaksin kanker serviks yg ditujuan  kepada anak2 SD ini akan menyebabkan MENOPAUSE DINI.

	Dan lebih anehnya lagi, kenapa sasarannya anak SD yah? Mengapa tidak ke perempuan2 yang sudah mulai aktif dlm aktivitas sex (maaf). 

	Jadi timbul pertanyaan : 

	Apakah ini upaya utk menekan jumlah populasi bangsa Indonesia krn adanya agenda manusia China utk Indonesia ?

	Jika yah, ini ancaman serius dari Pemprov DKI dibawah Ahok.

	Di Amerika dan Inggris, vaksin ini kurang laku krn mahal. 

	Wow. di DKI digratisin lho! Dikasih ama Pemprov dan uangnya dari rakyat kan? 

	Gagal faham : kok anak2 SD yg dituju ? 

	Pemprov DKI Sudah Mulai Beri Vaksin Kanker Serviks bagi Anak SD http://kom.ps/AFvnC1

	Ini serius

	SEBARKAN sebanyak banyaknya informasi bermanfaat ini ke Umat Islam lainnya Khususnya Warga Jakarta, Raih Amal sholih., Syukron
	</TEXT>
</DOC>