<DOC>
	<DOCNO>164</DOCNO>
	<LABLE>HOAX</LABLE>
	<URL>http://rumahalhumaira.blogspot.co.id/2013/09/beralih-ke-pembalut-kain-bahaya.html</URL>
	<AUTHOR></AUTHOR>
	<TITLE>Virus HIV Dimasukkan ke Pembalut</TITLE>
	<TEXT>
	
Beralih ke Pembalut Kain (Bahaya Pembalut Sekali Pakai)
Pernahkah kita mendengar tentang bahaya mengenai pembalut wanita yang beredar di pasaran?
Bila belum pernah, silakan coba buka link berikut:
http://www.youtube.com/watch?v=qQEh0JUZekM

Berdasarkan penelitian (dalam video), ditemukan bahwa terdapat kandungan klorin (pemutih) pada pembalut wanita yang biasa dijual bebas di pasaran. Zat ini sangat berbahaya karena dapat terserap ke dalam organ reproduksi dan dapat menyebabkan kanker mulut rahim.

Menurut pendapat sejumlah para ahli obsgyn (masih dalam video), pewangi atau bahan lain yang ditambahkan pada pembuatan pembalut wanita, juga beresiko menyebabkan alergi pada organ reproduksi.

Dari sumber lainnya (sebuah blog), ditemukan bahwa Zionis meletakkan virus HIV/AIDS ke dalam pembalut sekali pakai, dengan tujuan merusak kesuburan para wanita Muslimah (yang mayoritas negara-negara Muslim menjadi pangsa pasar bagi produk mereka) dan memperburuk citra Muslimah dengan tertularnya virus HIV/AIDS tersebut.

Dalam blog tersebut dijelaskan bahwa virus akan bercampur dengan darah dan menyebar, saat pembalut digunakan lebih dari 30 menit. Akhirnya virus pun akan menjangkiti pengguna.

Oleh sebab itu, sebagai muslimah, kita melakukan pencegahan itu lebih baik. Kita beralih ke produk ramah lingkungan, yaitu pembalut kain.
Berikut ini kelebihan menggunakan pembalut kain daripada pembalut sekali pakai:

Ramah lingkungan, sebab tidak menimbulkan timbunan sampah di lingkungan. 
Sehat sebab tidak mengandung zat-zat kimia berbahaya, pada saat produksi. Higieny produk tergantung pada pengguna sendiri, sebab dicuci untuk dipakai ulang.
Hemat, yang jelas hemat sebab sekali pembelian bisa digunakan berulang.


	</TEXT>
</DOC>