<DOC>
	<DOCNO>167</DOCNO>
	<LABLE>HOAX</LABLE>
	<URL>broadcast messages</URL>
	<AUTHOR></AUTHOR>
	<TITLE>melintas dijalanan PONOROGO akan ada uji coba tilang e-CCTV.</TITLE>
	<TEXT>yg melintas dijalanan PONOROGO :
Besok ini uji coba tilang e-CCTV.
Perempatan pasar legi, pertigaan ngepos, Alon2 ke timur sampai perempatan Jeruksing, Bundaran luwes ke timur sampai perempatan pasar pon, keselatan sampai perempatan Tonatan.

Berhenti di belakang garis
Hati hati dengan kecepatan ketika lampu TL sdh menyala warna kuning.Karena sensor CCTV akan me-ngezoom saat lampu kuning menyala.

Mungkin jg dibeberapa wilayah atau tempat lain. Ojok lali juga bolo2 seng kerja ato perjlnn ke PONOROGO informasi mulai september 2017 akan dipasang ribuan CCTV di tmpt2 yg rawan pelanggaran Lalu Lintas sprti Traffic Light maupun tmpt lain 
Tujuan pemasangan CCTV trsbt adl utk menangkap scra detail visual para pelanggar Lalin selanjutnya akan dilakukan penilangan secara elektronik dan dikirim surat krmh alamat sesuai Nopol bahkan CCTV tersebut dpt menangkap gambar wajah dan Nopol scra jelas.

Khususnya rekan2 jika berhenti dilampu merah jangan melebihi Stop Line lbh baik ambil blkngnya Stop Line. Bahwa Pemkab PONOROGO akan menggandeng kerja sama Satlantas Polres PONOROGO , Kejaksaan Negeri Ponorogo, PN Ponorogo dan Dishub Ponorogo maupun instansi lain.

Mari bersama -sama tertib Lalu Lintas di jalan dg Motto Keselamatan Sebagai Kebutuhan No 1. Aplikasi dilapangan akan segera di publikasikan.</TEXT>
</DOC>