<DOC>
	<DOCNO>168</DOCNO>
	<LABLE>HOAX</LABLE>
	<URL>broadcast messages</URL>
	<AUTHOR></AUTHOR>
	<TITLE>gantungan kunci ber-GPS yang disebar gratis</TITLE>
	<TEXT>Sekilas Info :
Di POM Bensin byk yg ksh gantungan kunci ini gratis...jgn diambil krn ada GPS n bs diikutin sampe rmh n dirampok...sdh ada yg kena
Harap berhati-hati!! MODUS BARU PERAMPOK : Ada sindikat penjahat menyamar sebagai promotor penjualan yg memberikan Gantungan Kunci Gratis di pompa bensin, tempat parkir di mall2 dan pusat2 perbalanjaan lainnya. Gantungan kunci itu memiliki Chip alat pelacak yang memungkinkan mereka u/ mengikuti Anda. Jangan terima barang dr mereka.
Mereka memilih calon korbannya yg berpotensi, dan jika Anda menerima, maka Anda sudah masuk perangkap mereka. Gantungan kunci itu memang sangat indah, sulit u/ menolaknya, tapi Anda hrs ingat,. Anda mungkin akan membayar lebih dari harga gantungan kunci tsb, termasuk resiko yg menimpa hidup Anda.
Mohon beritahu anggota keluarga Anda dan teman-teman lainnya (y):) Berita ini sangat PENTING bagi Anda dan Saudara,, juga Keluarga anda.. WASPADALAH...!!!</TEXT>
</DOC>