<DOC>
	<DOCNO>17</DOCNO>
	<LABLE>HOAX</LABLE>
	<URL>Broadcast Message</URL>
	<AUTHOR></AUTHOR>
	<TITLE>Ditemukan Korban Pengambilan Organ Tubuh Di Thailand</TITLE>
	<TEXT>
	Kemarin di Thailand ditemukan 1 buah Mobil van berisi hampir 100 tubuh anak2 dlm keadaan meninggal dan dibungkus plastik. Semua tubuh dalam keadaan TANPA ORGAN TUBUH! Mulai saat ini berhati-hatilah dgn anak anda kemanapun dia pergi DAMPINGILAH! Baik sekolah dan bermain, sindikat ini sdh menyebar ke pelosok pelosok di negara manapun.. Tolong sebarkan ini.
	</TEXT>
</DOC>