<DOC>
	<DOCNO>174</DOCNO>
	<LABLE>HOAX</LABLE>
	<URL>Broadcast Messages</URL>
	<AUTHOR></AUTHOR>
	<TITLE>Tanaman Dolar Penyebab Leukimia</TITLE>
	<TEXT>Yang WA ini teman saya juga dokter.
BAHAYA PENYAKIT LEUKIMIA !!!!

Adik ipar saya umur 31 tahun baru meninggal semalam disebabkan oleh Leukimia. Almarhum semasa hidupnya meneliti untuk gelar Master in Botanical di kampus USM mengkaji sejenis tumbuhan ini. Rekan satu tim research beliau sudah meninggal setahun yang lalu mengidap penyakit leukimia juga. Almarhum dapat bertahan hingga semalam. Memang hasil penelitiannya telah disahkan oleh pihak kampus USM dan pihak Kementrian Kesehatan bahwa Leukimia itu dapat ditimbulkan dari tumbuhan tersebut. Jadi cerita D Hizzad Bole penyebab kanker darah (Leukimia) ternyata terbukti.

Di China sudah cukup lama diketahui tentang bahaya tanaman ini, tapi hanya diberitakan surat kabar China saja. Sedangkan di tempat kita tanaman ini dirawat dan dijadikan tanaman hias di rumah. PERHATIAN DAN WASPADA !!!
Jika ada tanaman ini dirumah, silakan secepatnya musnah dengan membakarnya sebelum tanaman berbunga karena dari bunganya menyebabkan kanker darah (Leukimia). Silakan share.</TEXT>
</DOC>