<DOC>
	<DOCNO>175</DOCNO>
	<LABLE>HOAX</LABLE>
	<URL>https://m.facebook.com/story.php?story_fbid=1654882857879285danid=100000727596555</URL>
	<AUTHOR>Nandang Burhanudin</AUTHOR>
	<TITLE>ketua panitia kecil mengajukan rancangan pertama pasal 4 ayat 2 UUD 1945</TITLE>
	<TEXT>Pada tanggal 13 Juli 1945 ketua panitia kecil mengajukan rancangan pertama pasal 4 ayat 2 UUD 1945 tentang presiden kepada sidang paripurna BPUPKI, yang berbunyi:
"Yang dapat menjadi Presiden dan Wakil Presiden hanya orang Indonesia asli",
Wahid Hasjim mengusulkan agar pada akhir pasal 4 ayat 2 tersebut ditambahkan kata-kata "yang beragama Islam". Selanjutnya, Wahid Hasjim juga mengusulkan agar pada awal pasal 29 tentang agama dicantumkan kata-kata "Agama negara ialah agama Islam".
Usulan Wahid Hasjim tersebut mendapat dukungan dari Sukiman karena apa yang diusulkan Wahid Hasjim 
itu, menurut dia, di samping tidak akan membawa akibat apa-apa, juga akan memuaskan rakyat." (Bahtiar Effendi, 
Islam dan Negara Transformasi Pemikiran dan Praktik Politik Islam di Indonesia, (Jakarta : Paramadina, 1998), h. 88-89).
Wajar bila NU menjadi target pertama dan utama dihancurkan kalangan Liberal, Sekular, dan Islamophobia.</TEXT>
</DOC>