<DOC>
	<DOCNO>177</DOCNO>
	<LABLE>HOAX</LABLE>
	<URL>broadcast messages</URL>
	<AUTHOR></AUTHOR>
	<TITLE>Berantai Polisi Sulsel Tertangkap Gratifikasi Seks</TITLE>
	<TEXT>Ijin melaporkan hsil OTT..

Seorang anggota reskrim di wilayah Sulsel . telah tertangkap tangan oleh satgas OTT divpropam mabes polri.

Pada hari Senin tgl 17 oktober 2016 jam 17.00 wib , di Hotel kamar no 21 telah diamankan an. IPDA S**** bersama teman perempuannya an. M*** oleh petugas OTT dipimpin AKBP S****D.

Bermula Ipda S**** sebagai Kanit PPA sedang menangani kasus kekerasan dalam rumah tangga an. Pelaku M*** yang mengakibatkan korban suaminya an. H***** opname dirumah sakit.

Dari hasil kesimpulan penyidik yg menangani Briptu N*** terhadap pelaku akan dilakukan penahanan.
Saat itu Ipda S**** tanpa sepengetahuan penyidiknya membawa pelaku keluar Polres dengan dalih akan dilakukan pengembangan dan ternyata pelaku oleh Ipda S**** dibawa ke Hotel. melihat gelagat tersebut penyidik Briptu N*** melaporkan kepada Tim OTT yg tidak lain adalah Bapaknya sendiri(AKBP S****D)

Tim OTT bergerak ke hotel dan benar saat dilakukan penggerebekan didalam kamar Ipda S**** dengan M*** tidak menggunakan sehelai pakaian apapun. Tim OTT telah mengamankan Ipda S**** dan M*** ke Polda Sulsel.

barang bukti yg di sita
1. satu buah Kondom yg sdh terpakai 
2. Satu buah cd warna merah
3. Satu buah sprei terdapat sperma.

Hasil pemeriksaan sementara; 
Ipda S**** telah menerima gratifikasi Seks agar pelaku M*** tidak dilakukan penahan terhadap kasusnya.

Tindak lanjut;
1. Melaporkan keberhasilan giat penangkapan ke kapolri.
2. Ipda S**** telah di amankan beserta barang bukti dan diadakan pemeriksaan di mabes polri.</TEXT>
</DOC>