<DOC>
	<DOCNO>179</DOCNO>
	<LABLE>HOAX</LABLE>
	<URL>broadcast messages</URL>
	<AUTHOR></AUTHOR>
	<TITLE>Isu Gangster di Jakarta Barat</TITLE>
	<TEXT>Siaga 1.Tolong rekan-rekan yang lain nanti malam perkirakan jam 1 jangan melintasi daerah KELAPA2,,SMP189,,HUTANKOTA,,SRENGSENG,,JOGLO.DLL.Karna akan ada aksi besar-besaran dari INDONESIA GANGSTER buat teman-teman yang rumahnya berada di wilayah SRENGSENG dan KELAPA 2 mohon untuk tidak berpergian malam, semua warga di himbau untuk siaga 1, dan semua all biker warga untuk kompak kumpul karena ada ancaman dari gangster buat menyerang wilayah tersebut. sekali lagi di mohon untuk siaga bagi warga semua yang ada di wilayah tersebut

- mohon bantu share, lindungin temanmu dan keluargamu dari gangguan gangster
Info : BABINSA </TEXT>
</DOC>