<DOC>
	<DOCNO>18</DOCNO>
	<LABLE>HOAX</LABLE>
	<URL>Broadcast Message</URL>
	<AUTHOR></AUTHOR>
	<TITLE>Sebaran Tentang Kanker Mata</TITLE>
	<TEXT>
	*Copas dari Dokter Specialis Mata.* 

	*Wajib di baca.*

	*SAFE YOUR EYES*

	 

	*Perhatian bagi yg suka membaca ditempat gelap.* *Menggunakan PONSEL* 

	*Dalam Kegelapan Akan Menyesal seumur hidup!*
	*Setelah mendapat Penyakit MAKULA, itu berarti sudah menderita Kanker Mata, ..*

	*Hanya menunggu BUTA, karena obat modern tidak bisa mengobatinya,..*

	*Apalagi menyembuhkan.*
	*Baru-baru ini, semakin banyak pasien berumur 30~40 tahun berobat ke dokter mata, karena sebelum tidur dan setelah lampu dimatikan, masih juga menggunakan Ponsel.*
	*Profesor Li Li, Direktur Rumah Sakit of Ophthalmology mengatakan* : *Sinar menyilaukan yang kuat dari Ponsel, bila langsung menyinari mata lebih dari 30 menit, akan menyebabkan Penyakit Mata Degenerasi Makula, ini akan menyebabkan kerusakan yang cepat dari pandangan mata*
	*Khususnya penyakit MAKULA yang tak dapat disembuhkan. Setelah lampu mati layar Ponsel terlihat sangat terang dalam kegelapan,* 

	*Melihat dari jarak dekat, energi tinggi menyinari mata langsung, akan merusak Makula Mata.*
	*Profesor Li Li mengatakan bahwa gejala Degenerasi Makula kebanyakan adalah Orangtua, Namun baru~baru ini ada kecenderungan Penderita adalah Pasien yang lebih muda.*

	*Di antaranya peningkatan Pasien pada usia 20~40 tahun bertambah 3 kali lipat, sebagian besar adalah pengguna berat PONSEL PINTAR / IPAD.*
	*Setelah lampu dimatikan, apakah itu PONSEL atau IPAD.* *Tidak hanya DEGENARASI MAKULA, pada awal akan muncul gejala dini Mata Kering, yang lebih serius adalah Katarak muncul duluan,* 

	*Bahkan Kehilangan Penglihatan dan menjadi BUTA.*

	*Gejala awal penyakit, harus diobati dengan Laser atau Suntikan Steroid, baru memiliki kesempatan untuk sembuh.*
	*Terima Kasih*

	*Semoga Bermanfaat !*
	*Hati hati dgn *Mata Anda*

	*karena*:

	*Mata adalah Jendela Dunia*
	</TEXT>
</DOC>