<DOC>
	<DOCNO>184</DOCNO>
	<LABLE>HOAX</LABLE>
	<URL>broadcast messages</URL>
	<AUTHOR></AUTHOR>
	<TITLE>Malaikat Hancurkan Pesawat Israel</TITLE>
	<TEXT>Ada berita ini dari sebelah barusan nih : 
Subhanallah..... Allahu Akbar.....
Wala haula wala kuwwata illa billah..
27 pesawat jet dan rudal tempur Israel yang diarahkan pada palestina dan Al Aqso, meledak di udara tanpa sebab. 
Dan beberapa menit sebelum kejadian masyarakat melihat berupa makhluk aneh yang menyerupai burung (mungkin Malaikat) melewati awan di atas wilayah palestina. Subhanalllahhhhh
Jika Allah menginginkan sesuatu maka Ia akan berkata Kun (jadi) fayakun (maka jadilah).....</TEXT>
</DOC>