<DOC>
	<DOCNO>185</DOCNO>
	<LABLE>HOAX</LABLE>
	<URL>broadcast messages</URL>
	<AUTHOR></AUTHOR>
	<TITLE>Rupiah Tidak Laku Di Luar Negeri</TITLE>
	<TEXT>Coba perhatikan tanda tangan yg tercantum dalam uang rupiah cetakan lama dan yg baru......ada perbedaan yg sangat prinsip.
Intinya.....uang rupiah yang lama di ttd Gubernur BI dan salah satu deputy BI......uang baru di ttd Gub BI dan menteri keuangan.
Semua uang yg baru ...tanda tangannya....ada campur tangan pemerintah......yg selama ini nggak pernah menteri keuangan ikut ttd uang rupiah.
Uang baru mencantumkan tulisan Negara Kesatuan Republik Indonesia menghilangkan tulisan Bank Indonesia (hanya ada dicantumkan di muka belakang).</TEXT>
</DOC>