<DOC>
	<DOCNO>186</DOCNO>
	<LABLE>HOAX</LABLE>
	<URL>https://www.facebook.com/deny.rahmad.1?fref=search</URL>
	<AUTHOR>Deny Rahmad Sikumbang</AUTHOR>
	<TITLE>Warga Dicekoki Miras Oleh Kapolres</TITLE>
	<TEXT>Kapolres Simalungun, AKBP Marudut Liberty Panjaitan NDUGEM DI BAR. Meja di kuasai kelompoknya, tamu lainnya menyingkir, yg apes karna suatu hal, dicekokin miras sampai masuk ICU Rumah Sakit.
Mantap juga kehidupan malam pak Kapolres ni ya, korbannya pingsan, dia malah joget2 sambil lanjut nenggak miras. Kalau dari gayanya ini, urusan lain dengan cukong-cukong pasti jadi 86 ini mahhh... Mereka tau apa yang harus disajikan ke baginda ini untuk bisa ce-esan</TEXT>
</DOC>