<DOC>
	<DOCNO>19</DOCNO>
	<LABLE>HOAX</LABLE>
	<URL>Broadcast Message</URL>
	<AUTHOR></AUTHOR>
	<TITLE>program Big Data Cyber Security</TITLE>
	<TEXT>
	Assalamualaikum..Yth. Rekan-rekan semua. Menginformasikan dan mengingatkan kepada teman teman agar tidak lupa bahwa system Big Data Cyber Security (BDCS) Indonesia sdh terpasang, menyusul rencana Wantanas RI (Dewan Pertahanan Nasional) yg akan mengambil semua informasi melalui internet di Indonesia.

	Artinya, segala percakapan kita di Cyber Social Media (WA, BBM, Telegram, Line, SMS, dll.) akan masuk secara otomatis ke BDCS.

	Hindari mengirim berita yg bersifat sensitif (SARA) dan gambar-gambar pemimpin negara, lambang negara, serta simbol negara untuk bahan kartun, guyonan, ataupun lelucon lainnya.

	Polisi internet melalui teknik internet sistem akan menelusuri sumber pengirim ke grup tsb. Diharapkan kepada rekan-rekan agar dapat saling mengingatkan dan menghindari hal tsb.

	Jangan sampai kita berurusan dengan polisi internet ( Cyber Crime Police) hanya karena ingin bercanda dan berlelucon di media sosial.

	Semoga kita bisa menggunakan media sosial untuk menyampaikan informasi dalam bentuk tulisan, artikel, ataupun gambar dengan santun dan beretika.

	Semoga bermanfaat.
	</TEXT>
</DOC>