<DOC>
	<DOCNO>190</DOCNO>
	<LABLE>HOAX</LABLE>
	<URL>broadcast messages</URL>
	<AUTHOR></AUTHOR>
	<TITLE>Blast Pesan Radiasi Cahaya Kosmik</TITLE>
	<TEXT>Mlm ni antara jam 12.30 am hingga 3.30 am, pastikan tutup hp tablet, laptop dll dan jauhkn dr badan anda. TV Singapore tlh mengumumkn berita tersebut. Tlg beritahu keluarga dan sahabat2 anda. Malam ini antara jam 12.30 pagi hingga 3.30 pagi bumi kita akan menghadapi radiasi yg paling tinggi. Pancaran cahaya Cosmic akn melintasi dekat dgn bumi. Oleh itu tutup hp dll dan jauhkn dari badan anda sbb akan menyebabkan kita mendapat radiasi yg berbahaya....Silahkan lihat di google dan NASA dan berita BBC. Bagikan pesan ini kpd org2 lain yg penting bagi anda. Dengan demikian anda bisa menyelamatkan nyawa banyak orang...</TEXT>
</DOC>