<DOC>
	<DOCNO>191</DOCNO>
	<LABLE>HOAX</LABLE>
	<URL>broadcast messagess</URL>
	<AUTHOR></AUTHOR>
	<TITLE>Virus Berbahaya "Dance of the Pope" atau "Dance with the Pope"</TITLE>
	<TEXT>Di informasikan kepada semua contact yg ada di grup ini, utk tdk menerima video yg berjudul : "Dance of the Pope". Ini virus yg menghapus semua isi handphone anda. Hati2 ini sangat bahaya. Mereka menyiarkannya hari ini di radio Australia. Forward berita ini kepada semua sebanyak mungkin yg anda kenal....</TEXT>
</DOC>