<DOC>
	<DOCNO>192</DOCNO>
	<LABLE>HOAX</LABLE>
	<URL>broadcast messages</URL>
	<AUTHOR></AUTHOR>
	<TITLE>Waspada Dokter Palsu PKi</TITLE>
	<TEXT>?? Waspada Dokter Palsu PKi ??
Harap kesediaan anda untuk bantu menangkap mereka dengan cepat jika Anda menemui orang-orang yang berkunjung di depan pintu Anda dan mereka mengatakan mereka berasal dari Fakultas Kedokteran untuk bantu mengukur gula darah secara gratis. Segera informasikan kepada polisi karena orang-orang itu adalah anggota Komunis (PKI) yang berkunjung Dari rumah ke rumah untuk menyebarkan virus AIDS melalui alat suntik yang mereka bawa. Kabar ini berkembang setelah warga pasuruan, jawa timur banyak yang terinfeksi virus AIDS setelah mendapat cek gula darah gratis yang mengaku dari Fakultas kedokteran.
Hal yang serupa pun terjadi di daerah Kabupaten Bireuen, aceh utara yang ada beberapa orang yang diduga terinfeksi AIDS setelah melakukan suntik darah untuk tes gula darah yang sama dilakukan oleh yang mengaku berasal dari Fakultas Kedokteran.
Laporan warga kepada kantor kepolisianpun makin marak, namun menurut ketua polres Bireuen AKBP Riza Yulianto :"masalah ini belum bisa kami tindak lanjuti karena para pelapor tidak memiliki bukti kongkrit." Saat diwawancarai media setempat. Masyarakat diminta untuk lebih waspada dan segera melapor kepada aparat bila ada hal yang sama terjadi agar dapat ditangkap beserta barang bukti.
Tolong Bantu Viralkan Kepada Seluruh Akun Muslim Cyber !!</TEXT>
</DOC>