<DOC>
	<DOCNO>195</DOCNO>
	<LABLE>HOAX</LABLE>
	<URL>broadcast messages</URL>
	<AUTHOR></AUTHOR>
	<TITLE>Cacing Di Tubuh Kecoa Berbahaya</TITLE>
	<TEXT>Tubuh Kecoa terdapat Cacing Berbahaya hingga dilarang membunuhnya dengan menginjak atau menggencet. 
Karena disinyalir didalam perut kecoa terdapat cacing halus atau lembut yang tetap hidup meskipun diluar dari tubuh kecoa. Bila cacing ini sudah berada di luar dari tubuh kecoa dia akan bergerak untuk mencari tempat dan mencari indukan baru.
Cacing ini bentuknya sangat pendek, halus dan lembut akan terlihat kasat mata bila jarak pandang sekitar 10-20 centimeter.
Sangat berbahaya apabila cacing ini sampai menyentuh kulit tubuh kita (terutama kaki) karena dapat masuk melalui pori-pori kulit atau bila ada luka terbuka pada kulitluar.</TEXT>
</DOC>