<DOC>
	<DOCNO>197</DOCNO>
	<LABLE>HOAX</LABLE>
	<URL>broadcast messages</URL>
	<AUTHOR></AUTHOR>
	<TITLE>Ahokers Organitasion Cyber Team</TITLE>
	<TEXT>Sebarkan ini lah yg mengheck dan mengganti data di kpud 2017, yg telah mendzolimi pemimpin bapak anies dan bapak uno, harusnya paslon pilihan Allah nomer 3, bapak anies dan bapak Uno, sudah mencapai suara 70% lebih, dan satu putaran kemenangan, tp gara2 hecker laknatullah ini telah mengganti tabulasi data, dalam seragam mereka tertulis AOCT (Ahokers Organitasion Cyber Team). kita muslim hecker lulusan 212 berhasil mengatasinya.</TEXT>
</DOC>