<DOC>
	<DOCNO>199</DOCNO>
	<LABLE>HOAX</LABLE>
	<URL>https://m.facebook.com/story.php?story_fbid=1858355687721314danid=100006407013846dan__mref=message_bubble</URL>
	<AUTHOR>Ali Ash</AUTHOR>
	<TITLE>BIADAB BENER KAPOLDA JABARBIADAB BENER KAPOLDA JABAR</TITLE>
	<TEXT>Mohon abang2 do'a buat habib rizieq dan santrinya sampe saat ini tdk di izinkan keluar dari dlm pesantren di mega mendung intruksi habib sehan albahar ...selalu menjaga beliau yg keluar msk pesantren..mengingat kondisi darurat...kapolda jabar sengaja kirim 150 brimob untuk latihan perang sampe tanggal 29 pebruari...tujuanya swbenarnya cuma ingin membidik habib rizieq...jika terjadi hal2 yg membuat habib rizieq tertembak maka dia brralasan peluru nyasar ke pesantren itu dah di atur skenario oleh kapolda biadab mohon bantu do'a buat keaelamatan beliau info dr kawan di FPI sebarkan</TEXT>
</DOC>