<DOC>
	<DOCNO>20</DOCNO>
	<LABLE>HOAX</LABLE>
	<URL>Broadcast Message</URL>
	<AUTHOR></AUTHOR>
	<TITLE>penculikan di wilayah Depok</TITLE>
	<TEXT>
	Mohon perhatiannya : berita dari bang andi forkabi depok!!
	Buat Bpk/Ibu, Saudara/i, teman
	Sekarang ini Sy sedang di POLRES DEPOK bersama Bpk. Agus Winam beliau adalah Komandan dari Tim  JAGUAR Polres Depok
	beliau mendapat lapaoran dari masyarakat bahwa ada anak hilang selama 3 hari, namun setelah tiga hari sianak muncul lagi disekolahnya namun dalam keadaan Sakit dan ada bekas luka jahitan dibagian tubuhnya setelah dibawa ke dokter dan dicek ternyata salah satu Ginjal sianak tidak ada, diduga sianak adalah korban penculikan yg saat ini sangat meresahkan masyarakat.
	menurut beliau (Tim Jaguar) yg jadi incaran para penculik adalah anak usia 1 sd 12 Thn, krn organ tubuhnya mudah diawetkan dan dalam masa pertumbuhan
	Sekarang ini Tim JAGUAR dan Tim BUSER Polres Depok sedang menyelidiki kasus tersebut.
	Himbauan dari Polres Depok, agar para orang tua dan masyarakat (bpk/ibu Guru) lebih perduli dan memberikan pengawasan lebih kepada putra/i khususnya dia Area persekolahan.
	mhn info ini disebar luaskan.
	</TEXT>
</DOC>