<DOC>
	<DOCNO>203</DOCNO>
	<LABLE>HOAX</LABLE>
	<URL>http://regional.kompas.com/read/2011/06/07/22351591/UFO.Melancong.ke.Bali.Selama.Satu.Jam</URL>
	<AUTHOR>Tri Wahono</AUTHOR>
	<TITLE>UFO Melancong di Bali Selama Satu Jam</TITLE>
	
	<TEXT>
			JAKARTA, KOMPAS.com - Sebuah keluarga di Perumahan Citra Pratama, Kerobokan Kelod, Kuta, Bali, mengaku melihat unidentified flying object 
			(UFO) alias benda terbang misterius. Benda tersebut terlihat sebanyak dua kali.
			"Benda itu terlihat sekali pada dua pekan lalu dan terlihat sekali lagi pekan lalu," tutur Rini Wulandari, salah seorang warga, 
			Selasa (7/6/2011). Saksi mata yang melihat penampakan benda tersebut adalah kakak kandungnya, Diajeng Susilaningrum, dan seorang pembantu 
			rumah tangga. Pada penampakan kedua kalinya, UFO malah sempat disaksikan oleh empat anggota keluarga lainnya. "Benda itu terlihat seperti 
			pesawat yang diam, tidak bergerak, hanya melayang di udara. Di bagian bawah pesawat ada banyak lampu yang menyala sangat terang," jelas Rini.
			Benda tersebut terlihat pada malam hari di lokasi persawahan di sekitar perumahan. Pada penampakan pertama, benda tersebut hanya terlihat selama 
			beberapa menit. Namun, pada penampakan kedua, benda tersebut terlihat melayang lebih lama, yaitu hingga selama satu jam, dan berhasil diabadikan 
			melalui kamera di telepon seluler. Sayang, peristiwa tersebut terjadi pada malam hari. Gambar yang berhasil diambil hanya memperlihatkan 
			lampu-lampu yang dikatakan berada di bagian bawah UFO tersebut. Sementara badannya sendiri tak terlalu jelas terlihat.
		
	</TEXT>
</DOC>




