<DOC>
	<DOCNO>205</DOCNO>
	<LABLE>HOAX</LABLE>
	<URL>http://bisnis.liputan6.com/read/2518190/siap-siap-juli-ini-pemerintah-buka-pendaftaran-cpns-2016</URL>
	<AUTHOR>Fiki Ariyanti</AUTHOR>
	<TITLE>Siap-siap, Juli Ini Pemerintah Buka Pendaftaran CPNS 2016</TITLE>
	
	<TEXT>
			Liputan6.com, Jakarta - Kementerian Pendayagunaan Aparatur Negara dan Reformasi Birokrasi (PANRB) berencana membuka pendaftaran rekrutmen 
			Calon Pegawai Negeri Sipil (CPNS) pada Juli 2016. Lowongan CPNS yang disediakan untuk tahun ini sebanyak 81 ribu kursi CPNS.
			Menteri PANRB, Yuddy Chrisnandi menyatakan, pemerintah akan mulai membuka pendaftaran penerimaan CPNS 2016 pada Juli ini. Kemudian, 
			proses seleksi atau tes rencananya dijadwalkan pada Agustus 2016, sehingga Oktober atau November ini sudah ada nama-nama peserta yang 
			diterima sebagai CPNS. "Juli biasanya pengumumannya (pendaftaran CPNS), lalu setelah Lebaran sekitar Agustus proses rekrutmen (seleksi), 
			dan akhir tahun di Oktober atau November sudah ada penerimaan (CPNS)," ujarnya di Jakarta, seperti ditulis Minggu (29/5/2016).
			Diakui Yuddy, proses pendaftaran maupun ujian CPNS 2016 baru akan dilaksanakan setelah pemerintah menghitung formasi kebutuhan CPNS dari 
			seluruh instansi maupun bidang-bidang pekerjaan. Sehingga Kementerian PANRB saat ini belum dapat membocorkan jumlah lowongan CPNS yang dibuka 
			di masing-masing instansi pemerintahan. "Kalau sudah dihitung formasi yang benar-benar dibutuhkan, seperti ahli pengairan, tata kota, ahli 
			hukum, ahli otonomi daerah, dan lainnya di masing-masing instansi, baru dilakukan proses rekrutmen. Yang sudah fix adalah untuk tenaga 
			kesehatan," jelas Yuddy. Seperti diberitakan sebelumnya, Yuddy mengungkapkan, formasi kebutuhan PNS yang disodorkan Kementerian/Lembaga 
			mencapai 150 ribu orang. Namun Kementerian Keuangan (Kemenkeu) hanya menyanggupi 81 ribu orang untuk jatah penerimaan CPNS 2016 karena berbagai 
			alasan. "PNS yang pensiun tahun ini total 120 ribu orang. Kemudian kebutuhan dari seluruh instansi mencapai 150 ribu orang. Tapi maksimum yang 
			disetujui Kemenkeu untuk penerimaan PNS 81 ribu orang, jadi tidak dipenuhi semua karena alasan moratorium, keterbatasan anggaran, dan hanya 
			untuk program prioritas Nawa Cita," ujarnya. Pemerintah mengutamakan penerimaan CPNS bagi putra putri terbaik di sekolah ikatan dinas pemerintah 
			sebanyak 11 ribu orang. Selanjutnya kebutuhan penerimaan CPNS di bidang kesehatan, seperti dokter, perawat dan bidan mencapai 43 ribu orang.
			Adapula penerimaan CPNS guru yang menyandang gelar Sarjana dan berada di pulau-pulau terluar dan tertinggal (garis depan) mencapai 3.000 orang, 
			serta pengangkatan guru honorer menjadi PNS di garis depan sekitar 2.000 orang.
			"Sisanya 22 ribu kursi penerimaan CPNS akan dibagi-bagi untuk instansi atau bidang yang sangat membutuhkan, seperti LIPI, BATAN, 
			penyuluh pertanian. Pak Amran (Menteri Pertanian) sudah minta 18 ribu orang, juga Kemenkumham minta 21 ribu orang, tapi kita terima 
			usulannya separuh dulu," terang dia.
			Sebanyak 22 ribu jatah penerimaan CPNS itu, termasuk untuk kuota pelamar umum untuk semua bidang. Namun prioritas untuk CPNS di 
			bidang-bidang studi yang selaras dengan program Nawa Cita, diantaranya ahli pengairan, ahli pertanian, ahli tata kota, ahli konstruksi, 
			ahli maritim, dan lainnya.
			"Untuk pelamar umum, kita akan buka perekrutan CPNS sekitar 10 ribu orang, termasuk di dalamnya untuk penerimaan mahasiswa berprestasi yang 
			mendapat jatah 10 persen dari kuota pelamar umum," Yuddy menjelaskan.
		
	</TEXT>
</DOC>



