<DOC>
	<DOCNO>206</DOCNO>
	<LABLE>HOAX</LABLE>
	<URL>http://economy.okezone.com/read/2016/11/18/20/1545147/isu-rush-money-bos-bri-indonesia-akan-rugi-sendiri</URL>
	<AUTHOR>Hendra Kusuma</AUTHOR>
	<TITLE>Isu Rush Money, Bos BRI: Indonesia Akan Rugi Sendiri</TITLE>
	
	<TEXT>
			JAKARTA - PT Bank BRI (Persero) memastikan, gerakan penarikan uang secara besar-besaran atau rush money akan hanya merugikan perekonomian 
			Indonesia yang saat ini terbilang solid. "Ya kalau dilakukan negara kita akan rugi sendiri, semua juga rugi," kata Direktur Utama Bank BRI 
			Asmawi Syam di Kompleks Istana, Jakarta, Jumat (18/11/2016).
			Menurut Asmawi, gerakan penarikan uang dengan besar-besaran hanya menguntungkan oknum-oknum tertentu. Padahal, tindakan tersebut sangat 
			riskan bagi perbankan nasional yang kondisi likuiditasnya rendah. Isu tersebut berkembang di media sosial belakangan ini bersamaan dengan 
			rencana aksi demonstrasi kasus dugaan penistaan agama yang dilakukan oleh Gubernur DKI Jakarta non aktif Basuki Tjahaja Purnama alias Ahok. 
			Meski demikian, Asmawi memastikan, Bank BRI akan tetap melayani masyarakat dengan optimal. Bahkan, dirinya tidak memberikan imbauan kepada 
			Perseroan agar siaga jelang aksi demonstrasi pada 25 November yang sekaligus menjadi aksi rush money. "Ya ini sesuatu yang tidak perlu 
			dibesar-besarkan," tukasnya.
		
	</TEXT>
</DOC>




