<DOC>
	<DOCNO>208</DOCNO>
	<LABLE>HOAX</LABLE>
	<URL></URL>
	<AUTHOR></AUTHOR>
	<TITLE>Pancing Hujan Menggunakan Air Garam di Baskom</TITLE>
	
	<TEXT>
			Mohon bantuan seluruh warga Indonesia: Tolong bantu saudara kita di jambi, riau n daerah sumatra lainnya. 
			Disana hanya tersisa 5% udara yang layak.  Hanya dengan langkah kecil.  Sediakan baskom air yang dicampur garam dan diletakkan diluar, biarkan menguap, 
			jam penguapan air yang baik adalah sekitar pukul 11.00 s.d jam 13.00, dengan makin banyak uap air di udara semakin mempercepat Kondensasi menjadi butir 
			air pada suhu yang makin dingin di udara.  Dengan cara sederhana ini diharapkan hujan makin cepat turun, semakin banyak warga yang melakukan ini di masing-masing rumah,
			ratusan ribu rumah maka akan menciptakan jutaan kubik uap air di Udara.  Lakukan ini satu rumah cukup 1 ember air garam, rabu tgl 21 Oktober 2015, jam 11 siang serempak..  
			Mari kita sama2 berusaha utk mnghadapi kabut asap yg kian parah ini..  Pesan ini adalah saran dari BMKG Indonesia  Mohon diteruskan..  Kita selamatkan nasib anak2,balita,
			ibu hamil yang sudah mulai terkontaminasi oleh kabut asap yang tebal.
		
	</TEXT>
</DOC>

