<DOC>
	<DOCNO>209</DOCNO>
	<LABLE>HOAX</LABLE>
	<URL>http://health.liputan6.com/read/2219170/bakal-ada-halal-sex-shop-di-mekkah</URL>
	<AUTHOR>Fitri Syarifah</AUTHOR>
	<TITLE>Bakal Ada Halal Sex Shop di Mekkah</TITLE>
	
	<TEXT>
			Liputan6.com, Jakarta Sebuah toko berlabel 'Halal Sex Shop' akan buka di Mekkah, Arab Saudi dalam waktu dekat. Meski kontroversial karena seksualitas begitu tabu 
			bagi umat muslim, namun menurut sang pemilik, berbagai perlengkapan bercinta yang dijual dijamin halal.
			"Produk kami bukan seperti boneka tiup, tapi produk yang meningkatkan perasaan sensualitas dan suasana antara pasangan saat berhubungan seksual," 
			tutur sang pemilik, Abdelaziz Aouragh, seperti dikutip Ibitimes, Kamis (23/4/2015). Portal berita Arab Saudi, Alyaoum24 melaporkan, perusahaan pembuat 
			alat bantu seks dari Jerman juga rencananya akan menyuplai 18 alat seks di toko tersebut.
			"Muslim biasanya tidak aktif secara seksual. Bahkan banyak orang berpikir, wanita muslim begitu tertekan secara seksual. 
			Kami ingin mengubah citra buruk ini. Perempuan berhak mendapat cinta," kata Aouragh. Aoragh juga mengatakan, selain menjual produk seks, timnya juga 
			menawarkan informasi dan memberikan jawaban atas pertanyaan tentang seks yang sering dialami pasangan. Sebelumnya, Halal Sex Shop ini juga telah dibuka di 
			Turki pada 2013. Segmentasi konsumen juga menitikberatkan umat muslim yang sering salah kaprah dalam menilai seks.
		
		
	</TEXT>
</DOC>


