<DOC>
	<DOCNO>212</DOCNO>
	<LABLE>HOAX</LABLE>
	<URL>http://nusantarakini.com/2016/10/30/heboh-pasukan-khusus-china-disinyalir-datang-untuk-membela-ahok-benarkah/</URL>
	<AUTHOR></AUTHOR>
	<TITLE>HEBOH!!! Pasukan Khusus China Disinyalir Datang untuk Membela Ahok Benarkah?</TITLE>
	
	<TEXT>
			Beredar kabar dari berbagai sosial media yang ada terkait dengan kedatangan warga China yang mayoritas berperawakan tegap dan berambuk cepak. Berikut informasi 
			yang diterima redaksi Nusantarakini.com terkait informasi tersebut:
			Pada hari Jumat  tanggal 28 Oktober 2016 Pukul 20.15 WIB bertempat di kedatangan   Terminal 2D Gate 3 Bandara Internasional Soekarno Hatta, 
			telah landing pesawat Cathay Pasifik nomor penerbangan CX 719 dari Hongkong membawa  sebanyak  500 orang dari China. Hal-hal yang dapat dilaporkan  sebagai berikut:
			1). Pada pukul 20.15 WiB pesawat Cathay Pasifik CX 719 landing  di Gate 3 Terminal 2D  Bandara Internasional Soekarno Hatta. 
			2). Pada pukul 21.30 WIB rombongan meninggalkan Bandara menggunakan Bus Lion Airlines dengan plat form nomor  B 7026 PJA menuju hotel POP, 
			dan rencanya  besok pagi akan ditempatkan di Jakarta di perusahaan perusahaan milik China.
			3. Penampilan para WNA China tersebut mayoritas bertubuh tegap dan berambut cepak dan didapatkan info mereka pura-pura jadi pekerja  bekerja  
			untuk proyek pembangunan pembangkit listrik , padahal WNA China tersebut adalah PASUKAN KHUSUS CHINA YANG AKAN MENGHADAPI DEMO BELA ISLAM, untuk membela Ahok. (*mc)
		
	</TEXT>
</DOC>
