<DOC>
	<DOCNO>220</DOCNO>
	<LABLE>HOAX</LABLE>
	<URL></URL>
	<AUTHOR></AUTHOR>
	<TITLE>Peringatan Kode Warna di Kemasan Pasta Gigi</TITLE>
	
	<TEXT>
			Dibagian bawah kemasan pasta gigi biasanya ada kotak berwarna, seperti hijau, biru, merah atau hitam. Dengan melihat warna kotak ini, kita bisa memilih pasta gigi mana yang sehat dan pasta gigi mana yang harus dihindari. Berikut ini adalah penjelasannya:

			Hijau artinya pasta gigi dibuat dari 100% bahan alami.
			Biru artinya pasta gigi dibuat dari campuran bahan alami dan obat-obatan.
			Merah artinya pasta gigi dibuat dari campuran bahan alami dan bahan kimia.
			Hitam artinya pasta gigi dibuat dari 100% bahan kimia.


			Sebaiknya kita menggunakan pasta gigi yang memiliki kode warna hijau atau biru karena terhindar dari bahan kimia.
		
	</TEXT>
</DOC>


