<DOC>
	<DOCNO>221</DOCNO>
	<LABLE>HOAX</LABLE>
	<URL></URL>
	<AUTHOR></AUTHOR>
	<TITLE>Narkotika Digital yang Bikin 'Sakaw'</TITLE>
	
	<TEXT>
			Info dr guru BK SMP P******r, Gading Serpong:

			Mau share sedikit dr hasil seminar tentang darurat narkoba.
			Sekarang ada tipe baru digital narcotic yg sgt mudah di akses dr smart phone.
			Namanya aplikasinya: I-doser.
			Kita sebagai parents perlu aware ya mom...
			Kita doakan spy anak2 kita terhindar dr pengaruh2 buruk.?
			Jd awalnya aplikasi bisa di download free.
			Lalu kita pilih dosis nya.
			Lalu denger pakai earphone.
			Durasi sekitar 10-15 menit.
			Gelombang ini mempengaruhi gelombang di otak. Saat dia on.. durasi putus.
			Krn otak sdh dikacaukan, dan akan ada efek ketergantungan.
			Kita bisa beli dosis baru lagi, tdk mahal paling sekitar $10.
			Tp yg parah sel otak nya sdh dirusak dan menjadi addict.
			Silahkan cek digoogle.
			Kmrn mnrt info dr yg bnn, pasien nya yg lg rehabilitasi paling muda mulai kena narkoba umur 9th, dan paling tua umur 65?

			Pls take care..
		
	</TEXT>
</DOC>

