<DOC>
	<DOCNO>222</DOCNO>
	<LABLE>HOAX</LABLE>
	<URL></URL>
	<AUTHOR></AUTHOR>
	<TITLE>Obat Flu Sebabkan Pendarahan Otak</TITLE>
	
	<TEXT>
			PHENYLPROPANOLAMINE obat influenza(decongestant) ditarik oleh badan pengawasan obat dan 
			pangan Amerika(FDA) pada tanggal 1 maret 2009 karena terbukti sebabkan PENDARAHAN DI OTAK.
			Berikut obat2 di Indonesia yg mengandung PHENYLPROPANOLAMINE 1.DECOLGEN 2.DECOLSIN 3.SINUTAB 4.ALLERIN 5.BODREXIN 6.CONTAC500 7.COSYR 8.FLUCYL 9.FLUDANE 10.FLUGESIC 11.INZA 12.KOMIX 13.MIXAFLU 14.MIXAGRIP 15.NALGESTAN 16.NEOZEP FORTE 17.NODROF 18.PARASUTIN 19.PROCOLD 20.RHINOTUSSAL 21.SANAFLU 22.SILADEX 23.STOPCOLD 24.TRIAMIN. Bri tau teman2 dan saudara
					
	</TEXT>
</DOC>

