<DOC>
	<DOCNO>224</DOCNO>
	<LABLE>HOAX</LABLE>
	<URL>http://doktersehat.com/pertolongan-pertama-pada-penderita-stroke/</URL>
	<AUTHOR></AUTHOR>
	<TITLE>Pertolongan Pertama Pada Penderita Stroke</TITLE>
	
	<TEXT>
			DokterSehat.Com - Stroke merupakan penyakit saraf yang paling sering mengakibatkan cacat dan kematian. Disamping menduduki peringkat utama diantara segolongan penyakit saraf yang mengakibatkan kematian, stroke juga merupakan salah satu dari tiga penyebab utama kematian pada umumnya.
			Dari berbagai fakta tersebut menunjukkan bahwa sampai saat ini, stroke masih merupakan masalah utama di bidang neurologi maupun kesehatan pada umumnya. Untik mengatasi masalah krusial ini, diperlukan strategi penanggulangan stroke yang menbcakup aspek preventif, terapi rahabilitasi, dan promotif.

			Sebenarnya kasus stroke sudah terjadi sejak dahulu, Hal ini dibuktikan dengan adanya pertolongan pertama pada kasus stroke berdasarkan pengobatan tradisional Cina dengan teknik akupunktur, namun teknik ini pernah terlupakan, sehingga dampak yang ditimbulkan menjadi semakin besar.

			Sebagaimana diketahui, orang yang mendapat serangan STROKE, seluruh darah di tubuh akan mengalir sangat kencang menuju pembuluh darah di otak. Apabila kegiatan pertolongan diberikan terlambatsedikit saja, maka pembuluh darah pada otak tidak akan kuat menahan aliran darah yang mengalir dengan deras dan akan segera pecah sedikit demi sedikit.

			Berikut pertolongan pertama yang dapat dilakukan :

			 Jangan dipindahkan
			Jika anda memindahkan penderita dari tempat asal / tempat semula itu akan membuat kemungkinan pecahnya pembuluh darah halus dalam otak akan semakin cepat terjadi dan tentunya ini akan beresiko. Cukup bantu penderita mengambil posisi untuk duduk supaya tidak terjatuh lagi.

			 Tarik-tarik dan tusuk daun telinga
			Apabila mulut penderita terlihat kurang normal, anda mungkin harus mencoba menarik-narik kedua telinga penderita tersebut hingga terlihat agak kemerahan. Kemudian, lakukan 2 kali tusukan pada ujung bawah telinga dengan jarum kecil yang sudah disterilkan sehingga darah menetes 2 kali dari dari masing masing daun telinga. Dalam beberapa menit mulut penderita akan kembali normal.

			 Tusuk ujung-ujung jari dengan jarum
			Dianjurkan menggunakan jarum suntik. Tetapi jika tidak ada maka anda bisa menggunakan jarum lain yang tidak terlalu besar (ex: jarum jahit, jarum pentul) dan tentunya harus dalam kondisi steril dengan cara dibakar. Titik yang harus ditusuk adalah sekitar 1 mm dari ujung kuku. Usahakan agar setidaknya darah bisa menetes sedikit atau 1 tetes cukup. Jika tidak bisa, tekan jari jari tersebut. Dalam jangka waktu sekitar 10 menit, penderita akan sadar kembali.

			 Cari pertolongan medis
			saat kondisi penderita mulai pulih kembali, segeralah cari pertolongan medis. Bawalah penderita ke dokter terdekat atau rumah sakit terdekat untuk mendapatkan tindakan yang lebih lanjut. Ingat, sebelum 6 jam sejak dihitung sejak serangan, penderita stroke sudah harus mendapat pertolongan medis.

			Sekian beberapa informasi dan tips tentang Pertolongan Pertama Pada Penderita Stroke, semoga anda dapat memberikan pertolongan pada orang disekitar anda dan membantu menyelamatkan satu nyawa manusia. Silakan tinggalkan pendapat Anda Di bawah ini!

		
	</TEXT>
</DOC>






