<DOC>
	<DOCNO>226</DOCNO>
	<LABLE>HOAX</LABLE>
	<URL></URL>
	<AUTHOR></AUTHOR>
	<TITLE>Tusuk Gigi Bisa Sebarkan AIDS</TITLE>
	
	<TEXT>
			Ada info yg mengagetkan dr para dokter yg menangani mslh narkoba. Para penderta HIV/Aids 
			yg merasa putus asa dan tdk ada kpedulian pmerintah thd mrk, mulai dendam. 
			Mrk berniat mnyebarkan penyakit ini, dgn modus melalui tusuk gigi yg bnyk terdpt di 
			restoran. Mrk memakai tusuk gigi tsb hny utk menusuk gusinya smpai berdrh, lalu diusap 
			shg tdk kelihatan drhnya, Stlh itu disisipkn ketmpt semula, TLNG DISBRKAN, JIKA ANDA SEBARKN MK ANDA SDH SLAMATKAN BNYAK JIWA. Tlg jgn pake tsk gigi di rmh mkn ! Bw dr rmh/beli br di spermkt.
	
	</TEXT>
</DOC>

