<DOC>
	<DOCNO>227</DOCNO>
	<LABLE>HOAX</LABLE>
	<URL></URL>
	<AUTHOR></AUTHOR>
	<TITLE>Pesan berbayar di WhatsApp</TITLE>
	
	<TEXT>
			WhatsApp akan menjadi berbayar.

			Anda harus mengirim pesan ini setidaknya ke 10 kontak. Dengan cara ini kami akan melihat bahwa Anda adalah seorang pengguna valid dan logo Anda akan menjadi biru dan akan tetap bebas biaya.

			Whatsapp akan mengenakan biaya 0,01 Euro (Rp 150) per pesan nantinya jika pengguna tidak mengirim pesan tersebut ke 10 kontak lainnya.
		
	</TEXT>
</DOC>


