<DOC>
	<DOCNO>229</DOCNO>
	<LABLE>HOAX</LABLE>
	<URL>https://www.facebook.com/pageKataKita/posts/1351691334922248:0</URL>
	<AUTHOR>KataKita</AUTHOR>
	<TITLE>SURAT PAK AHOK UNTUK KITA SEMUA</TITLE>
	
	<TEXT>
			(dari kamarku yang baru di cipinang, aku akan menulis surat untuk dibacakan oleh istriku kepada semua yang mencinta dan tak mencintaku)
			Salam Sejahtera
			1. Pertama-tama saya ingin menaikan syukur kepada tuhan, sumber segala kebaikan dan kekuatan, yang sudah memelihara seluruh kehidupan kita bersama sampai saat ini.
			2. Saya mohon maaf bila tak dapat menjumpai teman-teman semua seperti yang biasa saya lakukan di balai kota. saya yakin anda semua dapat memahami kondisi saya saat ini yang menjadikan saya tak mungkin untuk bertatap muka dengan anda semua.
			3. Dengan berat hati, pada saat yang sama dalam keyakinan yang kuat terhadap istri saya, maka saya memohon kesediaan istri saya untuk membacakan surat ini bagi anda semua. ini pasti amat berat baginya, namun dengan cintanya yang besar pada saya dan juga bagi jakarta, ia pasti akan bersedia menanggung semua ini... (i love you vero....)
			4. Teman-teman seperjuangan, terima kasih untuk cinta dan dukungan yang sudah kalian tunjukan buat saya. perjuangan kita belum selesai. bahkan justru baru dimulai dengan babak yang baru juga. teruslah menjaga nyala api perjuangan, sekuat apa pun angin yang mencoba untuk memadamkan api itu.
			5. Saat ini saya mohon kepada teman-teman semua yang masih ada di sekitar cipinang : pulanglah kepada keluarga kalian. saya akan baik-baik saja di sini. lanjutkan hidup kalian, lanjutkan pekerjaan kalian, lanjutkan perjuangan kita untuk terus membangun jakarta menjadi kota yang lebih baik. dengan begitu, seluruh perjuangan kita tak akan sia-sia.
			6. Betapa pun pahit dan berat keputusan yang sudah dijatuhkan oleh majelis hakim pada saya, itu semua saya hormati. saya tetap percaya pada lembaga peradilan dan oleh karena itu maka saya akan terus melanjutkan proses peradilan ini sampai tuntas.
			7. Bagi seluruh umat islam yang luka oleh karena ucapan saya, dengan sungguh dan dalam kerendahan saya mohon : bukakanlah pintu maaf yang selebar-lebarnya bagi saya.
			8. Bagi saudara-saudara yang tak dapat menerima saya, melalui kesempatan ini saya mohon agar saudara-saudara dapat terus membantu pak jarot yang untuk sementara waktu menggantikan saya sampai nanti gubernur baru dilantik. dukunglah pemerintah yang sekarang dan yang akan datang dengan sepenuh hati. saya punya keyakinan bila kota jakarta ini baik maka kebaikan itu juga akan menjadi kebaikan bagi setiap warga jakarta. persoalan saya biarlah itu ditangani oleh lembaga peradilan yang ada.
			9. Bagi seluruh aparat di pemprov dki jakarta, tetaplah bekerja dengan baik dan benar seperti selama ini sudah anda kerjakan. janganlah hendaknya kerajinanmu menjadi kendor. inilah kesempatan untuk membuktikan bahwa jakarta bukan soal ahok, tapi soal kita bersama.
			10. Akhirnya, terima kasih pada semua pihak yang sudah bekerja sekuat tenaga. Pada lembaga peradilan melalui majelis hakim, jaksa penuntut umum, tim pembela, setiap saksi. terima kasih. buat mas jarot...you are a friend in deed...selamat jadi gubernur sementara. terima kasih buat semua pendukung...dua tahun itu sekejap saja..we shall overcome..dan last but not least, buat anak-anakku..terima kasih kalian tetap tegar...buat vero..tak ada kata yang bisa ungkap rasaku yang paling dalam saat ini..i love you..
			Cipinang, 09 mei 2017
			Salam Dua Jari
			Basuki Tjahaja Purnama (ahok)
	</TEXT>
</DOC>


