<DOC>
	<DOCNO>230</DOCNO>
	<LABLE>HOAX</LABLE>
	<URL>http://www.pemimpinku.id/presiden-turki-erdogan-dukung-demo-ahok-4-november/</URL>
	<AUTHOR></AUTHOR>
	<TITLE>Presiden Turki, Erdogan Dukung Demo Ahok 4 November</TITLE>
	
	<TEXT>
			Demo 4/11 dilakukan Jutaan umat muslim bakda solat Jumat menjadi puncak kemarahan umat Islam. Pasalnya, Polisi dinilai lamban menangani kasus dugaan penistaan agama Gubernur DKI Jakarta Ahok.

			Dukungan terhadap demo 4/11 juga mengalir dari orang nomor satu di negara Turki Erdogan. Selain itu dukungan datang aksi demo 411 mengalir dari ribuan mahasiswa Persatuan Pelajar Mahasiwa Indonesia (PPMI).

			Staff kedubes Turki Setio Darmadi mengatakan Ucapan salam dukungan dari presiden Mr. Erdogan untuk AKSI BELA ISLAM yang disampaikan di Mesjid Istiqlal, Jakarta.
			Selain dukungan dari presiden Erdogan, Persatuan Pelajar Mahasiwa Indonesia (PPMI) di Mesir menilai, jika melihat bukti yang sudah ada, seharusnya Basuki Tjahaja Purnama sudah sangat layak dijadikan tersangka. Namun, polisi belum memberikan kepastian status hukum, bahkan untuk panggilan pemeriksaan sebagai terlapor.
	
	</TEXT>
</DOC>



