<DOC>
	<DOCNO>231</DOCNO>
	<LABLE>HOAX</LABLE>
	<URL></URL>
	<AUTHOR></AUTHOR>
	<TITLE>gambar Palu Arit di uang rupiah cetakan baru</TITLE>
	
	<TEXT>
			Netizen baru-baru ini dihebohkan dengan cetakan baru uang kertas Indonesia.

			Menurut mereka, uang kertas cetakan baru tersebut menampilkan simbol palu arit.

			Di mana simbol tersebut diidentikkan dengan PKI.

			Sontak pertanyaan ini menyebar luas di Facebook.

			Banyak yang mempertanyakan lambang itu.

			Netizen lainnya pun ikut menyambut dan ikut menyebarkan, sehingga menjadi viral di media sosial.

			Foto-foto ini banyak tersebar di berbagai media sosial, terutama di grup Facebook.

			Seperti kata seorang netizen dalam grup Facebook INFO WONG SOLO.

			Di logo BI uang baru kog terdapat simbol PALU ARIT yaAAAA
	</TEXT>
</DOC>


