<DOC>
	<DOCNO>232</DOCNO>
	<LABLE>HOAX</LABLE>
	<URL>https://www.jawapos.com/read/2017/06/29/140896/panglima-tni-bakal-diganti-gerindra-apa-pak-presiden-gak-cape</URL>
	<AUTHOR>Dimas Ryandi</AUTHOR>
	<TITLE>Panglima TNI Bakal Diganti, Gerindra: Apa Pak Presiden Gak Cape....</TITLE>
	
	<TEXT>
			Isu perombakan kabinet kembali mencuat. Dari yang beredar di kalangan awak media, salah satu yang muncul akan direshuffle adalah Panglima TNI Jenderal Gatot Nurmantyo.
			Politikus Partai Gerindra Elnino M Husein Mohi mengatakan, soal reshuffle, sepenuhnya hak Joko Widodo sebagai presiden. 

			"Jika menurut Pak Joko Widodo, panglima patut diganti, itu hak prerogatifnya sebagai presiden," ujarnya kepada JawaPos.com, Kamis (29/6).

			Namun dia menyarankan agar pergantian itu berdasarkan kajian yang sudah benar-benar matang. 

			"Yakni untuk kepentingan bangsa dan negara, bukan untuk kepentingan politik sesaat saja," tegas Elnino.

			Dia pun mempertanyakan alasannya jika Jokowi merombak kembali susunan kabinetnya. Apa presiden tidak capek gonta-ganti anggota kabinet terus, imbuhnya.

			Sebab jika Jokowi terus mengganti susunan kabinetnya, kata Elnino itu membuktikan bahwa pemilihan para pembantunya di awal tidak lah tepat.

			"Bukankah gonta-ganti menteri menunjukkan bahwa ada kekeliruan presiden di saat dulu mengangkatnyaA ya semoga tidak keliru-keliru lagi, Pak Presiden," pungkas legislator asal Gorontalo itu. (dna/JPG)
					
	</TEXT>
</DOC>

