<DOC>
	<DOCNO>234</DOCNO>
	<LABLE>HOAX</LABLE>
	<URL>http://www.koranopini.com/nasional/sosial/wanita-ini-menikahi-kudanya-sendiri</URL>
	<AUTHOR></AUTHOR>
	<TITLE>Wanita ini menikahi kudanya sendiri</TITLE>
	
	<TEXT>
			Kopenhagen | Mahkamah Agung Denmark terpaksa mengakui hak seorang aktivis hak-hak binatang berusia 28 tahun untuk menikahi kudanya sendiri. Hal ini menciptakan preseden hukum yang membuka jalan untuk pernikahan manusia-hewan di seluruh negeri (Denmark), demikian laporan Kopenhagen Express.
			Wanita muda, yang juga seorang pengacara, mencari celah hukum dalam undang-undang seks fleksibel negara Denmark yang membuat praktek Zoofilia (seks manusia hewan) terlindungi hukum, sehingga membuka jalan untuk pernikahan manusia-hewan.

			Wanita itu adalah Milanja Broskvit, mengaku bahwa dia dan suaminya Thorgen (seekor kuda), menjadi korban speciesism, prasangka mirip dengan rasisme atau seksisme.

			Wanita muda berpendapat ia dan kudanya Thorgen, kuda jantan putih Spanyol berusia empat tahun, menjadi korban penganiayaan oleh Pemerintah Denmark.

			"Perbedaan antara spesies kita tidak membuat kita menjadi berbeda. Perlakuan individu didasarkan pada keanggotaan kelompok dan perbedaan fisik tidak relevan secara moral. Argumennya adalah bahwa keanggotaan spesies tidak memiliki arti moral" pintanya kepada Mahkamah Agung.

			"Ketika Zoofilia dan kebinatangan yang disahkan di negara, itu membuka pintu untuk semua jenis kesalahpahaman tentang status hukum hewan dalam kaitannya dengan manusia di mana otoritas hukum memiliki sedikit atau tidak ada kontrol" jelas ahli terkenal dunia dan penasihat hukum, James Cudwell .
			Denmark telah demikian menjadi negara pertama yang secara sah mengakui pernikahan manusia-hewan, posisi yang dapat menyebabkan banyak serikat pekerja lebih mirip di negeri ini, aku Mr Jorgensen dari parlemen Denmark. | sumber: worldnewsdailyreport.com
		
	</TEXT>
</DOC>


