<DOC>
	<DOCNO>236</DOCNO>
	<LABLE>HOAX</LABLE>
	<URL></URL>
	<AUTHOR></AUTHOR>
	<TITLE>Penculikan Anak Untuk Jual Organ Tubuh</TITLE>
	
	<TEXT>
			Mau ksh info yg kasus penculikan anak itu ternyata beneran terjadi. Td salah satu pelaku penculikan anak berhasil ditangkap dan diamankan polsek tegalsari. Rame banget bnyk yg nonton di polsek.

			Pelakunya ketangkap basah waktu sedang bawa anak yg pulang sekolah dlm kondisi sdh dibius. Trs mau digendong pakai selendang. Tp ketauan trs di teriakin. Akhirnya ketangkap. Pas di geledah di pakaian si pelaku bnyk obat bius yg sdh disiapkan untuk melakukan aksi penculikan. Kejadiannya td kata orang2 di sekitar daerah jongor.

			Pelakunya td aku sempet liat pas di angkut mobil polisi mau dibawa ke polres,

			Perempuan tua berpenampilan seperti pengemis. Pakai jilbab. Orange kurus. Tp bawa semacam selendang atau buntelan.

			Hati2 soalnya ini ada jaringannya. Pelakunya lbh dr satu dan mereka di sebar ke lokasi2 yg berbeda buat cari mangsa anak kecil. Sdh ada korban yang meninggal anak kecil tp oragan2nya sdh diambilin seperti mata, jantung, trs ginjal
					
	</TEXT>
</DOC>

