<DOC>
	<DOCNO>240</DOCNO>
	<LABLE>HOAX</LABLE>
	<URL></URL>
	<AUTHOR></AUTHOR>
	<TITLE>Penculikan Di Bekasi Oleh Wanita Memakai Mukena Putih</TITLE>
	
	<TEXT>
			buat yang punya anak hati hati ya terutama buat daerah bekasi ,pondok timur ,alamanda ,babakan ,mutiara gading timur ..
			lagi beredar seorang wanita memakai mukena putih sedang mengincar anak anak untuk diculik dan dikembalikan dalam waktu 3 hari dengan keadaan lemas 
			dan pucat karna salah satu organ tubuh nya di ambil.. tolong di share ya kawan..
		
	</TEXT>
</DOC>

