<DOC>
	<DOCNO>242</DOCNO>
	<LABLE>HOAX</LABLE>
	<URL>http://aceh.tribunnews.com/2017/03/02/pernah-dideportasi-dari-arab-saudi-karena-terlalu-ganteng-bagaimana-nasib-pria-ini-sekarang</URL>
	<AUTHOR>Faisal</AUTHOR>
	<TITLE>Arab Saudi Deportasi Pria Ganteng</TITLE>
	
	<TEXT>
	SERAMBINEWS.COM - Masih ingat dengan Omar Borkan Al Gala ?
	Pria tampan yang berasal dari Saudi Arabia dan dikabarkan dideportasi oleh pemerintah pada tahun 2013, karena dianggap terlalu tampan.
	Omar dan kedua temannya ditangkap saat datang ke acara Jenadrivah Heritage dan Culture Festival di Riyadh.
	Dilansir dari The Telegraph, alasan mereka dideportasi karena ketampanannya dikhawatirkan akan membuat semua penjung pada acara tersebut jatuh cinta, sehingga menimbulkan napsu syahwat.
	</TEXT>
</DOC>