<DOC>
	<DOCNO>244</DOCNO>
	<LABLE>HOAX</LABLE>
	<URL></URL>
	<AUTHOR></AUTHOR>
	<TITLE>Heboh Otak Mengecil karena Radiasi Ponsel</TITLE>
	
	<TEXT>
	Assalammu'alaikum  Ayah Bunda...innalillahi wainna illahi rajiuuun
	Tadi pagi seorang siswa Al Madina...meninggal dunia...di Perumahan TATIA ASRI CILUAR tetangga ibu Hanna guru SMKN1 Bogor
	Awalnya...siswa sering mengeluh pusing dan  pingsan...dibawa ke rmh sakit..krn ortunya kedua2nya banker...punya rezeki lebih....si anak lngsung dibawa ke RS di Jakarta...setelah didiaknosa..otak si Anak kena radiasi dr HP...dan otaknya berubah menjadi warna kemerahan dan mengecil...alias mengerut....pihak dokter..menanyakan ke ortu...brp sering si anak menggunakan hp/android dlm sehari...ortunya menjawab mmg sering..krn nak cowok satu2nya...difasilitasi dgn andoid pribadi...dan sering main game online...dari usia 2,5 tahun sampai akhirnya usia 11 tahun...otaknya sdh rusak
	Dokter menyimpulkan si anak kena radiasi HP...yg menyebabkan otaknya rusak dan mengkerut..akhirnya darah tdk lancar...sering pusing berat...dan td pagi meninggal dunia kelas V SDIT Al Madina Keradenan
	Demikian info nya ayah bunda..semoga manfaat..dan menjadi pelajaran berharga bg kita semua utk keluarga.????
	</TEXT>
</DOC>