<DOC>
	<DOCNO>247</DOCNO>
	<LABLE>HOAX</LABLE>
	<URL></URL>
	<AUTHOR></AUTHOR>
	<TITLE>Makanan Kaleng Berbahaya dari Thailand</TITLE>
	
	<TEXT>
	InnaLillahi wa Inna Illaihi roji'un
	Assalammu'alaikum Wr Wb
	Breaking News : Meneruskan info dr Ibu Dubes KBRI KL 
	Tolong beritahu anak2 , suami, isteri dan semua teman2 Perhatian ; 
	Mulai saat ini jangan makan makanan kaleng ,terutama buah2an , khususnya produksi Thailand. 
	Karena di negara itu ada kira2 200 orang pengidap aids kerja di pabrik kalengan, dan mereka masukkan darah mereka ke dalam kalengan2 itu , 
	dan saat ini masalah tersebut telah diketahui DepKes Thailand sehingga kaleng2an tersebut telah banyak di sita ttpi lebih banyak yg sdh 
	terlajur diekspor. Contoh ; Lecy , Rambutan , Lengkeng , Mangga Puding dll. Setelah terima ini cepat kirim ke saudara2 n teman2 semua. 
	Agar tidak konsumsi kalengan apapun...... Demi keselamatan kita semua. Info dr ibu dubes KBRI 
	(Rita Toisuta Arifson Kementrian Kesehatan RI)
	Simak Beritanya :http://health.liputan6.hb/read/678535 {semoga bermanfaat}. Mohon bantu share ya. 
	
	Beli makanan kalengan jangan beli dari negara tetangga (Thailand). 
	(diumumkan pada hari ini tanggal 26 Agustus 2013 pukul 10.01)
	** Rab, 28 Agu 11:28 **
	Pemberitahuan genting dan penting: teman-teman dan keluarga tercinta, hati-hati konsumsi buah kaleng, khususnya buah kaleng produksi Thailand, karena 200 lebih penderita AIDS di Thailand dibawah pemimpin penderita AIDS menyerbu masuk ke pabrik-pabrik buah kaleng dan meneteskan darah bervirus. Mereka ke tempat pengolahan buah kaleng dalam pabrik-pabrik tersebut, hal ini sudah diakui kebenarannya oleh dinas kesehatan setempat. Dan untuk menghindari bertambah korban; produk buah2 seperti rambutan, puding mangga, lengkeng, ling Zi, ma yu dan lain-lain sudah diturunkan dari rak supermarket. Setelah terima info ini mohon di BC ke kontak2 anda! Mencegah selamanya lebih efektif daripada mengobati.
	</TEXT>
</DOC>