<DOC>
	<DOCNO>248</DOCNO>
	<LABLE>HOAX</LABLE>
	<URL></URL>
	<AUTHOR></AUTHOR>
	<TITLE>geng motor sweeping depok</TITLE>
	
	<TEXT>
	Tolong di infokan rekan2 yg lain nanti malam jam 12 an jangan melintasi gandul,,,Krukut,,grogol dan mampang karna akan ada sweeping dan bentrok antara geng motor jepang ( jembatan mampang ) dan warga setempat...
	info valid bang mohon dikabari ke rekan2...
	di gang ane dh stand by warga beserta sajam nya...
	: Buat tmn" yg rmh ny ber ada d wilayah jagakarsa mohon untuk malam ini smua warga d himbau untuk siaga 1 dn smua warga untuk kompak dn kumpul krn ada ancaman dr gangster buat menyerang wilayah terutama jl. Sadar raya... Sx lg d mohon untuk siaga bagi warga smua yg ada d wilayah jagakarsa..
	Info dr RW 02 ciganjur
	malam sabtu/minggu besok anak jamblang,jagakarsa raya,sadar raya,musawarah akan bergabung karena akn diserang gangster depok/bogordan gengster jepang..
	Hati2 yg buat berkeliaran ddaerah jagakarsa.. Trmksh
	* komandan depok bogor gangster yg baru keluar dr RS, kayanya dia mau nyerang balik musyawarah, krn motor dia dibakar sama dibikin masuk RS sama anak2 Musyawarah dan Sadar.
	</TEXT>
</DOC>