<DOC>
	<DOCNO>250</DOCNO>
	<LABLE>HOAX</LABLE>
	<URL></URL>
	<AUTHOR></AUTHOR>
	<TITLE>Upin Ipin Agresi Halus Israel</TITLE>
	
	<TEXT>
	SUBHANALLAH TOLAK UPIN DAN IPIN
	Tahukah anda Sebenarnya filem kartun upindanipin merupakan rancangan Yahudi untuk menghancurkan Islam, Setelah kartun kartun doraemon,pokemon,digimon dll gagal menghancurkan anak2 Muslim. 
	Perlu kalian ketahui jangan mengucapkan upin atau uffin , karena upin dalam bahasa amerika artinya : Aku Benci Rasul (Maaf Ya Allah). 
	Dan ucapkan Ariffin jangan ipin , karena ipin sendiri artinya . Ya Aku Suka Israel (Maaf Ya Allah). 
	Dan huruf U di baju upin , maknanya USA . Sedangkan I pada baju ipin maknanya Israel . Ulama telah membuktikan . 
	Sebarkan ke teman-teman lain . Atau group . Demi keselamatan agama .Rasulullah SAW dan umatnya.. Aku juga Islam Yang agamanya Islam,tolong sebarluaskan . Ka'bah akn rata dgn tanah . sangkkala akan ditiup 2 kali.
	</TEXT>
</DOC>