<DOC>
	<DOCNO>252</DOCNO>
	<LABLE>HOAX</LABLE>
	<URL></URL>
	<AUTHOR></AUTHOR>
	<TITLE>Promo Galaxy Note 5 Gratis di Facebook</TITLE>
	
	<TEXT>
		Samsung menawarkan pertukaran atau barter smartphone apa pun dengan Galaxy Note 5 secara gratis.
		Apabila tertarik, pengguna bisa menuju tautan yang disediakan. Dalam situs web, pengguna akan diminta untuk menjawab beberapa pertanyaan survei. 
		untuk mendapatkan kesempatan mendapatkan Galaxy Note 5 secara gratis, pengguna diharuskan untuk membagikan tautan survei di akun Facebook miliknya.
		
	</TEXT>
</DOC>