<DOC>
	<DOCNO>253</DOCNO>
	<LABLE>HOAX</LABLE>
	<URL>http://www.rakyatsumatera.online/2017/09/duarrr-rudal-latihan-rusia-hantam-kuil.html</URL>
	<AUTHOR></AUTHOR>
	<TITLE>DUARRR!!! Rudal Latihan Rusia Hantam Kuil Buddha, 21 Biksu Tewas Terpanggang</TITLE>
	<TEXT>
	Latihan gabungan pasukan Angkatan Laut Rusia-China menuai bencana. Salah satu rudal dari kapal perang Rusia menghancurkan kuil Budha di perbatasan Myanmar. 21 biksu tewas terpanggang.

	Mengerahkan belasan kapal militer, termasuk beberapa kapal selam, latihan tempur gabungan di kawasan Samudera Hindia tersebut dimulai hari Senin (18/9/2017).
	Juru bicara Armada Pasifik Rusia, Vladimir Matveev, mengatakan, kesalahan prosedur peluncuran rudal hingga menghantam kuil Buddha tersebut merupakan dampak dari badai matahari yang mengganggu gelombang radio.

	Ini adalah murni kecelakaan. Badai matahari membuat komunikasi antar kedua belah pihak menjadi terganggu, kata Matveev kepada wartawan, seperti dilansir Russia Today.

	Armada Pasifik Rusia diwakili oleh kapal anti-kapal selam andalannya Admiral Tributs, korvet modern termutakhir Sovershenny, kapal penyelamatan Igor Belousov, dua kapal selam diesel dan sejumlah kapal perang pendukung.

	Sedangkan China mengerahkan kapal perang jenis perusak Shijiazhuang, kapal selam Daqing, kapal pendukung kapal selam Changdao dan kapal penyelamatan selam Elar-7.

	Latihan akan terdiri dari dua bagian, di darat dan laut. Marinir Rusia dan China akan berlatih bersama di lapangan Gornostay di dekat Kota Vladivostok. Bagian kedua berlangsung di perairan Laut Jepang dan Okhotsk.

	Tahap pertama dari latihan tersebut bertujuan untuk melanjutkan kerja sama antara dua armada dalam melawan ancaman keamanan di laut, yang sebelumnya terjadi pada bulan Juli di Baltik.
	</TEXT>
</DOC>