<DOC>
	<DOCNO>254</DOCNO>
	<LABLE>HOAX</LABLE>
	<URL></URL>
	<AUTHOR>Anto Novri</AUTHOR>
	<TITLE>Sari Roti ganti nama jadi Garmelia</TITLE>
	
	<TEXT>
		Tadi saya Ke Indomaret Liat Sari Roti ..sekarang sari roti ganti nama lagi kawan kawan ..Namanya Garmelia ..dulu namanya Sari Roti Eh sekarang Garmelia ahhahaha ayoo kita Boikot Carmelia
		Garmelia itu Sari Rotii kita boikot oke 
		Bungkusnya sari roti namanya Garmelia...Kitaa Boikottt Sari Rotii terus !!!!! allahu akbar
	</TEXT>
</DOC>