<DOC>
	<DOCNO>258</DOCNO>
	<LABLE>HOAX</LABLE>
	<URL></URL>
	<AUTHOR></AUTHOR>
	<TITLE>Bahaya Aspartame</TITLE>
	
	<TEXT>
			Ikatan Dokter Indonesia (IDI) menginformasikan bahwa saat ini sdg ada wabah Pengerasan Otak (Kanker Otak), Diabetes dan Pengerasan Sumsum Tulang Belakang (Mematikan sumsum tulang belakang). Untuk itu, hindarilah minuman sbb:

			- Extra Joss,
			- M-150,
			- Kopi Susu Gelas (Granita),
			-Kiranti,
			-Krating Daeng,
			-Hemaviton,
			-Neo Hemaviton,
			-Marimas,
			-Segar Sari shachet,
			-Frutillo,
			-Pop Ice,
			-Segar Dingin Vit.C,
			-Okky Jelly Drink,
			-Inaco,
			-Gatorade,
			-Nabati,
			-Adem Sari,
			-Naturade Gold,
			-Aqua Splash Fruit.

			Karena ke-19 minuman tsb diatas mengandung ASPARTAME (lebih keras dr biang gula) racun yg menyebabkan diabetes, kanker otak, dan mematikan sumsum tulang.

			Info: dr.H.Ismuhadi MPH.

			Mohon di sebarkan untuk keluarga2 yang kita cintai.
		
	
	</TEXT>
</DOC>

