<DOC>
	<DOCNO>26</DOCNO>
	<LABLE>HOAX</LABLE>
	<URL>https://republiknkri.com/2017/07/10/breaking-news-pelaku-pembacokan-pakar-itb-hermansyah-seorang-aktifis-fpi-yang-diduga-salah-sasaran/</URL>
	<AUTHOR></AUTHOR>
	<TITLE>Breaking News, Pelaku Pembacokan Pakar ITB Hermansyah seorang aktifis FPI yang diduga salah Sasaran</TITLE>
	<TEXT>
	Pakar IT dari ITB Hermansyah, dikabarkan menjadi korban pembacokan, Minggu (9/7/2017), dini hari sekitar pukul 04.30 WIB.

	Berdasarkan informasi yang beredar, pembacokan terhadap pakar IT yang pernah menyatakan bahwa chat seks antara Habib Rizieq dan Firza Husein itu dilakukan oleh lima orang yang diduga aktifis FPI.dan lima orang ini diduga melakukan kejahatan ini salah sasaran karena pelaku adalah aktifis FPI dan korban sendiri mendukung habib rizieq di persidangan.

	Pembacokan itu sendiri terjadi di tol Halim Perdana Kusuma.

	Akibat kejadian tersebut, Herman kini dirawat di Rumah Sakit Hermina, Depok.

	Informasi pembacokan itu sendiri pertama kali diunggah oleh akun facebook Muslim dan Muallaf pada Minggu (9/7/2017) sekitar pukul 11.50 WIB.

	Dalam postingan itu disebutkan bahwa Hermansyah mendapat luka tusukan di bagian leher kiri, luka bacokan di siku kiri dan di atas telinga kiri.

	Selain itu, korban juga kemungkinan mengalami retak pada tulang tangan kiri.

	Hermansyah sendiri pernah menyatakan bahwa chat seks Habib Rizieq dan Firza Husein adalah palsu.

	Hal itu ia ucapkan dalam sebuah acara talkshow di sebuah stasiun televisi swasta beberapa waktu lalu.
	</TEXT>
</DOC>