<DOC>
	<DOCNO>260</DOCNO>
	<LABLE>HOAX</LABLE>
	<URL>http://warungkopi.okezone.com/thread/635776/cek-apakah-beras-yang-kalian-beli-mengandung-bahan-kimia-begini-caranya</URL>
	<AUTHOR>Reska</AUTHOR>
	<TITLE>Cek Apakah Beras yang Kalian Beli Mengandung Bahan Kimia, Begini Caranya</TITLE>
	
	<TEXT>
			Indonesia memiliki makanan pokok berupa beras yang nantinya dimasak menjadi nasi. Bahkan sampai ada ungkapan kalau belum makan nasi  itu namanya belum makan. Di masyarakat kita tentu sangat mudah menemukan bahan pokok ini. Namun sayangnya banyak juga penjual beras yang berbuat curang. Biasanya untuk membuat tampilan fisik beras menjadi menarik, banyak produsen nakal menggunakan bahan kimia pada pengelohan padi menjadi beras. Tapi kalian bisa mengecek apakah beras yang kalian beli mengandung bahan kimia atau tidak, kalian bisa mencoba cara ini:

			Pertama siapkan beberapa jumput nasi dan betadine.

			Kemudian teteskan betadine 2 tetes.

			Jika warna nasi berubah menjadi biru, itu berarti beras tersebut memiliki pengawet.

			Jika berubah menjadi hitam, berarti beras mengandung pemutih.

			Jika beras tak berubah warna berarti beras aman dari bahan kimia.
		
	</TEXT>
</DOC>