<DOC>
	<DOCNO>263</DOCNO>
	<LABLE>HOAX</LABLE>
	<URL></URL>
	<AUTHOR></AUTHOR>
	<TITLE>Motor Terbakar di Purwosari karena HP Dalam Jok</TITLE>
	
	<TEXT>
			WARNING ! Jangan simpan HP di bawah jok motor anda.
			Berbahaya bisa meledak ini terjadi kemarin di depan Bakso Purwosari.
			Saat Telepon berdering tiba-tiba sepeda motor meledak untung tidak ada korban.
			di sekitar bawah jok ada aki dan tangki bensin.
			Mohon perhatiannya, mulai sekarang waspada dan utamakan keselamatan.
			Keselamatan untuk diri sendiri maupun orang lain dan lingkungan sekitar kita.
			keep safety...
	</TEXT>
</DOC>