<DOC>
	<DOCNO>264</DOCNO>
	<LABLE>HOAX</LABLE>
	<URL></URL>
	<AUTHOR></AUTHOR>
	<TITLE>TEAM IT FPI TELAH MENELITI DAN MENYATAKAN HP OPPO ADALAH MATA-MATA KOMUNIS CINA</TITLE>
	
	<TEXT>
			"SELAMA INI KITA DITIPU..!!! 
			Oppo adalah ANTEK KOMUNIS yang ditugaskan memata-matai INDONESIA..!!!!
			Sebuah penemuan yang mengejutkan!
			Setelah hasil penelusuran yang lama terhadap handphone OPPO, team IT FPI telah menemukan adanya sebuah microchip yang dapat merekam segala gerak-gerik penggunanya. Namun setelah beberapa kali percobaan, eksperimen, dan testing, team IT FPI pada akhirnya dapat menemukan penanggulangan untuk mencabut microchip yang bisa memata-matai kegiatan penggunanya itu.
					
	</TEXT>
</DOC>


