<DOC>
	<DOCNO>266</DOCNO>
	<LABLE>HOAX</LABLE>
	<URL>http://m.tribunnews.com/regional/2017/04/17/tak-perlu-lagi-jauh-jauh-ke-luar-negeri-boyolali-bakal-punya-wahana-disneylandApage=3</URL>
	<AUTHOR>Samuel Febrianto</AUTHOR>
	<TITLE>Tak Perlu Lagi Jauh-jauh ke Luar Negeri Boyolali Bakal Punya Wahana Disneyland</TITLE>
	<TEXT>TRIBUNNEWS.COM, BOYOLALI - Boyolali bakal punya lokasi wisata bertaraf internasional, Disneyland.
Rencana pembangunan Disneyland tersebut sebelumnya sudah ditandai dengan penandatanganan Memorandum of Understanding (MoU) antara Bupati Boyolali, Seno Samodro dengan investor dari Belanda.
Melansir dari JogloSemar.com, Senin (17/4/2017), Seno mengungkapkan, Boyolali dipilih sebagai lokasi pembangunan Disneyland Asia Tenggara dengan total investasi senilai Rp 6 triliun.
Adapun Disneyland ini akan dibangun di lahan seluas 100 hektar atau setara 133 lapangan sepak bola.
Dari lahan tersebut, Disneyland Boyolali diproyeksikan bisa memiliki daya tampung parkir kendaraan mencapai 22 ribu mobil.
Untuk lokasinya, Disneyland akan dibangun dengan opsi lokasi antara lain di Kecamatan Mojosongo, Boyolali Kota, atau Ampel.
Soal lokasi tergantung proses pembebasannya nanti, ungkap Bupati Boyolali dikutip dari Joglosemar.
Saat ini proses pembangunan Disneyland Boyolali menurut Seno dalam tahap negosiasi lahan.
Namun, menurutnya pembayaran tanah baru dilakukan sekira bulan depan (Mei, red).
Disneyland di Boyolali diberitakan juga mendapatkan investasi dari Universal Studio dan perusahaan-perusahaan besar lainnya.Hal ini menarik, sebab seperti yang kita ketahui Universal Studio dan Disneyland memiliki taman bermain masing-masing.
Sementara itu, Seno menambahkan kemungkinan nama wahana di Boyolali ini bukan Disneyland.
Saat ini menurut Seno, ada tiga opsi nama yang sedang dibahas.
Lebih lanjut, dalam wawancara dengan sebuah media nasional, Seno juga mengungkapkan pembangunan wahana Disneyland di Boyolali akan berlangsung tahun ini.
Dimulai sekira September atau Oktober 2017 dengan masa konstruksi selama dua hingga tiga tahun.
Lewat pembangunan Disneyland di Boyolali, diharapkan bisa meningkatkan kemajuan dan kesejahteraan masyarakat Boyolali melalui sektor tourism.
Disneyland di Boyolali juga diharapkan bisa meniru kesuksesan Spanyol, di mana meski hanya berpenduduk 50 juta orang, namun jumlah turis yang datang bisa mencapai dua kali lipatnya.
Imbasnya, hal ini akan berefek besar pada ekonomi di kota susu tersebut dan tentunya mengangkat potensi wisata di Jawa Tengah.
Disneyland merupakan salah satu tempat wisata yang paling banyak dikunjungi di seluruh dunia.
Disnayland awalnya dibangun untuk membangun tempat dekat studio Walt Disney.Di mana turis yang datang dapat mengambil foto dengan patung tokoh Disney favoritnya, lalu ide itu berkembang menjadi taman bermain kecil dengan kolam dan perahu yang dapat dikendarai.
Tamannya sendiri tadinya hendak diberi nama Taman Mickey Mouse, lalu idenya berkembang menjadi lebih besar hingga sekarang dikenal sebagai Disneyland.
Di dunia, Disneyland sudah dibangunn di beberapa kota maju.
Yakni Disneyland Anaheim AS, Disneyland Paris, Disneyland Tokyo, Walt Disney World Resort Lake Buena Vista, Disneyland Shanghai, dan Disneyland Tokyo.
Tokyo, Jepang, menjadi salah satu wahana Disneyland yang sering dikunjungi warga Indonesia.
Ada 7 taman tematik di Tokyo Disney Resort yang cukup populer.
Mulai dari Critter Country, Fantasyland, Toontown, Adventureland, Westernland, Tomorrowland, dan World Bazaar.</TEXT>
</DOC>