<DOC>
	<DOCNO>268</DOCNO>
	<LABLE>HOAX</LABLE>
	<URL>https://news.detik.com/berita/d-3459668/broadcast-telur-berbintik-mengandung-bakteri-penyakit</URL>
	<AUTHOR>Fajar Pratama</AUTHOR>
	<TITLE>Telur berbintik mengandung bakteri penyakit</TITLE>
	<TEXT>Jika menemui telur ayam negeri seperti ini, dibuang saja sebab bintik-bintiknya ini merupakan bibit penyakit yang namanya streptokokus. Dapat hidup di dalam tubuh manusia dan menyebabkan penyakit pencernaan. Kumannya dari kulit telur dapat menembus kulit telur dan masuk ke dalamnya.</TEXT>
</DOC>