<DOC>
	<DOCNO>270</DOCNO>
	<LABLE>HOAX</LABLE>
	<URL>broadcast messages</URL>
	<AUTHOR></AUTHOR>
	<TITLE>Kamera Tersembunyi Diselipkan Dalam Sekrup Ditemukan di Ruang Ganti Pakaian</TITLE>
	<TEXT>Kaum hawa perlu berhati-hati saat berganti pakaian di ruang ganti umum. Pasalnya, ada kamera yang ditanamkan di dalam mur baut.

Gambar dari mur baut tersebut telah tersebar di Twitter. Seperti yang dapat Anda lihat, kamera tersebut sangat kecil, tak akan terlihat jika Anda tidak terlalu memerhatikannya.

Netizen pun berharap penyebaran foto ini akan meningkatkan kesadaran perempuan akan keberadaan alat semacam ini. Berikut beberapa komentar netizen mengenai kamera kecil itu:

Astaga.. Kyknya cara ngintip tradisional mulai punah, komentar @reaperws69. Mau lihat tubuh peremouan gampang aja kok.. Ngapain susah2 bgtu.. Lngsung nikah aja. Lihat jelas tuh smua.. kata @inyo3t. Semuanya aja dikasihin kamera, orang jaman sekarang keponya luar binasa, tambah @ReginaMarisP.</TEXT>
</DOC>