<DOC>
	<DOCNO>274</DOCNO>
	<LABLE>HOAX</LABLE>
	<URL>broadcast messages</URL>
	<AUTHOR></AUTHOR>
	<TITLE>input pin ATM terbalik untuk mengirimkan tanda bahaya ke pihak berwajib</TITLE>
	<TEXT>Jika anda sedang terancam jiwanya karena dirampok/ditodong seseorang untuk mengeluarkan uang dari atm ,maka anda bisa minta pertolongan diam2 dengan memberikan nomor pin secara terbalik ,misal no asli pin anda 1254 input 4521 di atm maka mesin akan mengeluarkan uang anda juga tanda bahaya Ke kantor polisi tanpa diketahui pencuri tsb.Fasilitas ini tersedia di seluruh atm tapi hanya sedikit orang yang tahu tolong kasih tahu kepada yang lain.</TEXT>
</DOC>