<DOC>
	<DOCNO>275</DOCNO>
	<LABLE>HOAX</LABLE>
	<URL>broadcast messages</URL>
	<AUTHOR></AUTHOR>
	<TITLE>Lowongan Kerja di NET TV</TITLE>
	<TEXT>CC. @netmediatama Netmedia
Marak beredar di media chatting seperti whatsapp dan sejenisnya lowongan kerja di Net TV dengan klaim sebagai berikut :
Lowongan kerja Net TV
Dibutuhkan sekitar 15 sampai 20 presenter untuk NET tv dg syarat:
1. Sarjana pria wanita semua jurusan dan bisa fresh graduate
2. Maksimal 25 tahun
3. Bersedia mengikuti pendidikan sbg presenter dan reporter
4. Menjadi karyawan NET dg gaji pokok, tunjangan presenter, honor presenter, dll.
5. Lamaran dikirim ke email
ponco.wijaya@netmedia.com
kemal.ramdan@netmedia.com 
dan
dede.apriadi@netmedia.com
Monggo di share bapak bapak siapa tau ada yg membutuhkan </TEXT>
</DOC>