<DOC>
	<DOCNO>276</DOCNO>
	<LABLE>HOAX</LABLE>
	<URL>broadcast messages</URL>
	<AUTHOR></AUTHOR>
	<TITLE>KTP Pelaku Teroris Bekasi</TITLE>
	<TEXT>KEJANGGALAN KEJANGGALAN KASUS BOM PANCI MEMBUAT SEMAKIN KONYOL
Jadi begini...
Ini katanya pelaku bom panci, kalau kemarin jenggotan, celana cingkrang dan jidat hitam, sekarang pakai jilbab.....
Eit....... tapi tunggu dulu kita cermati fotonya ya......!!
Alisnya dikerok ya......sejak kapan wanita militan membolehkan alis dikerok? Coba deh lihat haditsnya.
KTP nya dicetak tahun 2004 dan fotonya ndak pakai jilbab? Emangnya ibu ini pakai jilbab tahun berapa? dan lagi-lagi mana ada wanita militan yang mau foto tanpa hijabnya diumbar??
Masa berlaku KTP sampai 2013, berarti 9 tahun, daerah mana yang sampai 9 tahun, biasanya 5 tahun atau seumur hidup kalau e-KTP.
Lahir tahun 1989, KTP dibuat tahun 2004 berarti membuat KTP nya usia 15 tahun??? Hebat warga teladan......
Jadilah muslim cerdas</TEXT>
</DOC>