<DOC>
	<DOCNO>277</DOCNO>
	<LABLE>HOAX</LABLE>
	<URL>broadcast messages</URL>
	<AUTHOR></AUTHOR>
	<TITLE>Coca Cola dan Pepsi Cola Minuman Arak</TITLE>
	<TEXT>SIAPA PERNAH MINUM ARAK JENIS INI .....???
Sekilas Info ... pernah seorang anggota intel sholat dgn kami, dia pernah di tugaskan menyamar seolah~olah dia Melayu Kristen, masuk ke Vatican. Pendeta Kristen sangat gembira jika ada orang Melayu masuk Kristen. Jadi dia di ambil sebagai anak angkat seorang ketua pendeta di Vatican. Hampir 6 bulan di Vatican.
Masuk ke geraja setiap hari bersama Father tersebut untuk belajar dan mengkaji agama Kristen. Dia katakan setiap kali dia masuk ke Gereja hati dia menangis dan merayu pada Allah S.W.T. jangan cabut nyawa dia dlm Gereja dan di Vatican. Nanti takut dikebumikan secara Kristen.
Jadi sewaktu bersama mereka, banyak rahasia2 yg terbongkar. Diantaranya pendeta2 Kristen mengkaji bahwa yang bisa merusakkan roh umat Islam ialah dari makanan.
Seperti hadist Rasulullah S.A.W., hati manusia spt apa yg dimakan. Maka mereka kaji makanan apa yg bisa merusak hati orang Islam. Jadi pendeta mereka dapatkan dari hadist yaitu minuman arak. Mereka memangil para saintis mereka utk buatkan arak jadi minuman yg membolehkan orang Islam minum dan dijadikan minuman harian.
Maka mereka telah berhasil dan jadilah dari arak itu air *coca cola* dan *pepsi cola*.
Baru2 ini viral dlm whatsApp orang luar, seorang Pendeta Kristen yg sudah masuk Islam ~ berceramah memberitahu hentikan minum *Pepsi dan coca cola macem2 itu* karena sebenarnya *arak*. Kalau siapa tak tahu tidak berdosa. Setelah tahu berdosa jika meminumnya. Apa yg telah disampaikan ini maka janganlah minum lagi kerana sesungguhnya kamu sedang *minum arak*. Sungguh licik strategi musuh2 Allah.
Ya ALLAH ampunkan kami...</TEXT>
</DOC>