<DOC>
	<DOCNO>280</DOCNO>
	<LABLE>HOAX</LABLE>
	<URL>broadcast messages</URL>
	<AUTHOR></AUTHOR>
	<TITLE>foto pertemuan dengan Kapolri dengan bergaya foto wefie</TITLE>
	<TEXT>Sejak kemarin sore, di lini massa twitter beredar foto seorang jurnalis yang juga pendukung Ahok menduduki kursi Kapolri.
Pagi ini terungkap, ternyata foto jurnalis berambut gondrong mantan aktivis PRD yang menduduki kursi Kapolri tersebut hanyalah satu dari beberapa foto yang diunggah saat pertemuan Kapolri dengan para pendukung Ahok.
Nampak dalam foto tersebut Kapolri Jendral Tito Karnavian diapit oleh para pendukung Ahok. Mereka pun melakukan swafoto (wefie)</TEXT>
</DOC>