<DOC>
	<DOCNO>284</DOCNO>
	<LABLE>HOAX</LABLE>
	<URL>http://www.beritaislam24h.info/2017/09/ngaku-tak-jadi-bagian-pki-bedjo-untung.htmlAm=1</URL>
	<AUTHOR> Berita Islam 24 H</AUTHOR>
	<TITLE>Ngaku Tak Jadi Bagian PKI, Bedjo Untung Keceplosan, Panik dan Diam, Tak berkutik Di Hajar Kivlan Zen di ILC</TITLE>
	<TEXT>Ngaku Tak Jadi Bagian PKI, Bedjo Untung Keceplosan, Panik dan Diam, Tak berkutik Di Hajar Kivlan Zen di ILC

Berita Islam 24H - Mantan Kepala Staf Kostrad ABRI Kivlan Zen menjadi pembicara dalam acara program ILC TvOne, Selasa malam (19/9/2017) dengan tema PKI, Hantu Atau Nyata. Ada banyak pembicara yang di undang oleh Karni Ilyas, salah satunya adalah Bedjo Untung.

Paparan yang disampaikan oleh Bedjo memancing Kivlan Zen untuk mengkritisinya. Dengan argumentasi yang tidak terbantahkan, Bedjo tampak seperti panik dan diam saat diminta jujur mengakui dirinya adalah bagian dari PKI.

Awalnya Bedjo membantah dia bukan PKI tapi IPI, tapi Kivlan Zein punya bukti yang bikin Bedjo tidak berkutik. Skakmat!</TEXT>
</DOC>