<DOC>
	<DOCNO>285</DOCNO>
	<LABLE>HOAX</LABLE>
	<URL>http://innewsly.blogspot.co.id/2017/09/tni-gagalkan-penyelundupan-5-ribu.html</URL>
	<AUTHOR>gemarakyat.id</AUTHOR>
	<TITLE>TNI Gagalkan Penyelundupan 5 Ribu Senjata Api "Pakai Nama Presiden"</TITLE>
	<TEXT>InNews, Penggagalan rencana penyelundupan 5 ribu senjata api (senpi) ke Indonesia oleh Tentara Nasional Indonesia (TNI) mendapat apresiasi dari warganet.

Musisi kenamaan Ahmad Dhani meminta kepada penyelundup yang mencatut nama Presiden Jokowi itu untuk segera mengaku.

Hayo siapa impor 5000 senjata bawa nama JokowiA Hayo ngaku, kicau Dhani dalam akun Twitter @AHMADDHANIPRAST, Jumat (22/9).

Ayo ungkap siapa yang pesan. Kepemilikan senjata api oleh personal dilarang di Indonesia. Ini pasti ada kaitannya PKI, timpal pemilik akun @abs_fyc.
Pemerhati politik nasional, Teuku Gandawan meminta semua pihak agar mewanti-wanti rencana penyelundupan senpi tersebut.

Dia menyebut pelakunya adalah pelacur demokrasi.

Panglima TNI gagalkan upaya pembelian 5000 pucuk senpi dari non TNI/Polri. Mari waspada dengan para pelacur demokrasi. #WaspadaPKI, twittnya di akun @Gandawan.

Pada pertemuan Silaturahim Panglima TNI dengan Purnawirawan TNI di Mabes TNI Cilangkap, Jakarta Timur, Jumat kemarin (22/9), seperti potongan pemberitaan audio yang beredar, Panglima TNI Jendral Gatot Nurmantyo mengungkapkan adanya suatu institusi tidak resmi akan mendatangkan 5 ribu pucuk senpi secara ilegal ke Tanah Air.

Jendral Gatot menjelaskan nama Presiden dicatut agar dapat mengimpor senjata ilegal tersebut. Memakai nama Presiden, seolah-olah itu dari Presiden yang berbuat, padahal saya yakin itu bukan Presiden. Informasi yang saya dapat kalau tidak A1 tidak akan saya sampaikan disini, tegasnya.</TEXT>
</DOC>