<DOC>
	<DOCNO>286</DOCNO>
	<LABLE>HOAX</LABLE>
	<URL>broadcast messages</URL>
	<AUTHOR></AUTHOR>
	<TITLE>Yayasan Miracle Hope ingin membantu untuk mengobati penderita kanker jenis apapun</TITLE>
	<TEXT>RS Gatot Subroto Jkt, sdh mulai ada pengobatan tumor ganas/ kanker CELL CURE, tlh berhasil menyembuhkan kanker stadium 4, tanpa operasi, tanpa chemo therapy... 
Equipment tsb hibah oleh pemerintah Jerman.
Teknologi tsb hanya ada di Jerman dan Indoesia 
Buat teman-teman yg punya kerabat, atau teman yg saat ini menderita kanker dan sudah tidak mempunyai dana lagi.
Yayasan Miracle Hope ingin membantu untuk mengobati penderita kanker jenis apapun. 
Silahkan berikan data untuk pemeriksaan darah dan obat akan diberikan secara gratis.
Silahkan isi data 
* Nama : 
* Alamat : 
* Jenis kanker : 
* Surat keterangan tidak mampu dari RT, RW setempat 
* Kirim via email: 
Fani.ferdiani@yahoo.com 
PIN 23823ADB 
Bantu Broadcast juga ya kalau bisa ... mungkin di luar sana ada yang benar-benar sedang membutuhkan.
#1hari #1kebaikan
#share dari temen untuk teman yg membutuhkan
tolong di foward group2 lain</TEXT>
</DOC>