<DOC>
	<DOCNO>287</DOCNO>
	<LABLE>HOAX</LABLE>
	<URL>https://www.facebook.com/I.peliktapibenar/posts/2333895500168788</URL>
	<AUTHOR>Pelik Tapi Benar</AUTHOR>
	<TITLE>Makam Tuhan Yesus Kristus sedang dibuka untuk pertamakalinya</TITLE>
	<TEXT>Makam Tuhan Yesus Kristus sedang dibuka untuk pertamakalinya. Ini terjadi diYerusalem ketika mereka meluncurkan marmer makam Tuhan Yesus suara Sangkakala terdengar dan awan membentuk lingkaran. Puji Tuhan fenomena yang tidak dapat dijelaskan terjadi hari ini di Israel.
Like Pelik Tapi Benar</TEXT>
</DOC>