<DOC>
	<DOCNO>289</DOCNO>
	<LABLE>HOAX</LABLE>
	<URL>https://www.facebook.com/enny.bonaventura/posts/10212587408513710</URL>
	<AUTHOR>Enny Bonaventura</AUTHOR>
	<TITLE>Permen Susu Mengandung PCC</TITLE>
	<TEXT>Mohon perhatian untuk yang punya anak2 sekolah, Di informasikan bahwa telah beredar permen Susu mengandung PCC Dan sudah beredar di ambarawa sasarannya adalah sekolah2 Dan di jual Rp. 2.000 per 1 renteng.
Mohon di share di group2 yg ada, untuk tingkatkan kewaspadaan dan proteksi generasi penerus bangsa. Terimakasih kepada yang sudah mau bantu share :) Tuhan berkati kita semua :)</TEXT>
</DOC>