<DOC>
	<DOCNO>290</DOCNO>
	<LABLE>HOAX</LABLE>
	<URL>https://www.konfrontasi.com/content/politik/presiden-jokowi-di-dalam-dokumen-asli-pki-tidak-sepenuhnya-bersalah-mereka-hanya</URL>
	<AUTHOR>Redaksi on Jumat</AUTHOR>
	<TITLE>Presiden Jokowi: Di Dalam Dokumen Asli PKI Tidak Sepenuhnya Bersalah, Mereka Hanya Terkena Fitnah Di Zaman Itu</TITLE>
	<TEXT>JAKARTA - Saat di temui para sejumlah wartawan yang memang pada penasaran dengan rencana Presiden Jokowi tentang pemutaran film G30 S PKI, Presiden Jokowi mengusulkan untuk segera pembaharuan film tersebut di lakukan karna dinilai film tersebut tidak sesuai dengan jalur sejarah yang sebenarnya, ujar Jokowi saat di temui di istana merdeka 19, September 2017.
Presiden Jokowi menanggapi dengan serius tentang pembaharuan film tersebut . Beliau mengatakan sedikit tentang isi dari dokumen yang sebenarnya,bahwa sebenarnya PKI tidak dapat di salahkan sepenuhnya, mereka ( PKI ) tidak dapat di pandang dari segi negativ nya saja, mereka banyak melakukan perjuangan di jaman itu mereka juga banyak terkena fitnah di jaman itu, maka dari itu tujuan saya sebagai pemimpin mengusulkan adanya pembaharuan film tersebut.
Kita tidak mau sejarah itu salah, sebagai masyarakat ini sudah menjadi tugas kita semua untuk meluruskan sejarah yang pernah ada di negri ini, ujar Presiden Jokowi .
Berita di atas benar atau tidak, masih dalam pemantauan redaksi dan publik. Dan kalau ternyata hoax, maka harus dianggap tak ada dan dianggap sampah informasi saja. .( Seputar Indonesia-top, 19 September, 2017 )</TEXT>
</DOC>