<DOC>
	<DOCNO>292</DOCNO>
	<LABLE>HOAX</LABLE>
	<URL>http://www.mediaperjuangan.com/2017/09/tragis-5-biksu-tewas-diserang-buaya.html</URL>
	<AUTHOR>Admin</AUTHOR>
	<TITLE>TRAGIS! 5 Biksu Tewas Diserang Buaya Saat Mengejar dan Menembaki Pengungsi Rohingya</TITLE>
	<TEXT>Bagi etnis Rohingya yang melarikan diri ke Bangladesh, peluang selamat maupun tewas sama besarnya. Sungai Naf maupun Teluk Benggala berarus deras dan penuh buaya. Ditambah kejaran dan berondongan peluru militer dan biksu pengikut Wirathu.
Tapi nasib naas kemarin, Minggu (3/9) berpihak ke biksu. Terlalu asyik mengejar dan menembaki pelarian Rohingya, mereka malah jadi santapan empuk buaya-buaya lapar. Setidaknya 5 orang biksu tewas.

Kejadian berawal saat rombongan pengungsi Rohingya ingin melarikan diri ke Bangladesh lewat Sungai Naf. Sampan baru bergerak, tiba-tiba terdengar suara tembakan.

Terlihat rombongan biksu menenteng senjata api berlari sambil terus mengarahkan tembakan ke arah pengungsi.

"Ketika mereka datang sambil menembaki kami, yang bisa kami lakukan hanya berserah diri sambil berdoa meminta perlindungan Allah," ujar Najed seperti dilansir dari Aljazeera.

Aksi kejar-kejaran berakhir ketika rombongan biksu diserang buaya.

"Buaya-buaya itu adalah jawaban Allah atas doa-doa kami," sambung Najed.

Meski selamat dari kejaran para biksu, setidaknya 8 orang pengungsi tewas terkena tembakan. (lja)</TEXT>
</DOC>