<DOC>
	<DOCNO>296</DOCNO>
	<LABLE>HOAX</LABLE>
	<URL>broadcast messages</URL>
	<AUTHOR></AUTHOR>
	<TITLE>angkot demo besar-besaran</TITLE>
	<TEXT>Sekilas info. Informasi ya.. buat semua hari senin dan selasa akan ada demo besar-besaran semua angkot. yang punya saudara atau teman-teman yang anak-anaknya seklah tolong diinfokan . karna semua trayek demo. untuk yang punya toko hati-hati lebih waspada aja. aku baru selesai pertemuan di polres ini. paguyuban gocar dishub semua dipanggil tadi. jadi bukan hoax menurut polres bakal banyak preman yang ikut didalamnya jadi tolong lebih waspada</TEXT>
</DOC>