<DOC>
	<DOCNO>299</DOCNO>
	<LABLE>HOAX</LABLE>
	<URL>broadcast messages</URL>
	<AUTHOR></AUTHOR>
	<TITLE>gempa ancam padang 2017</TITLE>
	<TEXT>Untuk rekan-rekan yang punya keluarga di Padang mohon perhatiannya :

Gempa 8,9 Skala Richter dan Tsunami Ancam Padang

Tim 9 yang terdiri dari ahli gempa dan ahli tsunami bentukan Staf Khusus Presiden Bidang Bantuan Sosial dan Bencana (SKP BSB) kembali mengingatkan agar warga Padang, Mentawai, dan pesisir barat Sumatera Barat bersiap menghadapi gempa Megathrust di Pulau Siberut Mentawai dengan kekuatan yang mencapai 8,9 skala Richter dan dapat menimbukan tsunami.

Kami dari tim sembilan ini rasanya seperti membawa kabar kematian, tetapi hasil kajian ini memang harus disampaikan agar kita bersiap menghadapi bencana, kata Wahyu Triyoso, pakar gempa yang juga salah satu anggota tim sembilan di Auditorium Kantor Gubernur, Padang, Sumbar

Hamzah Latif, ahli tsunami memaparkan simulasi tsunami yang bisa melanda Padang dan pesisir sekitarnya jika terjadi Megathrust Earthquake.

Dalam simulasi terbaru, tsunami bisa menghantam Kota Padang selama 2,5 jam dengan ketinggian 6 meter sejauh 2 kilometer.

Dengan tsunami seperti itu dan kondisi Kota Padang seperti sekarang, jika tsunami terjadi pada siang hari, kira-kira bisa menimbulkan 150 ribu jiwa, itu yang dihitung manusia bergerak dengan lebar jalan, belum termasuk hambatan lain seperti macet oleh kendaraan, tiang listrik dan bangunan yang roboh, katanya menerangkan.

Hamzah juga tidak bisa membayangkan jika Kota Padang dihantam tsunami yang akan bisa merusak pelabuhan laut dan udara yang hanya terletak 300 meter dari pantai. 

Ia membayangkan kota berpenduduk lebih 900 ribu jiwa tersebut akan terisolasi karena jalan darat juga melewati Bukit Barisan.

Ia menyarankan pemerintah pusat dan daerah segera membuat shelter dan jalan evakuasi untuk mengantisipasi ancaman bencana tsunami di Sumatera Barat.

Ahli gempa Danny Hilman Natawijadja dari Laboratorium gempa Lembaga Ilmu Pengetahuan Indonesia (LIPI) yang sudah 20 tahun meneliti gempa di Mentawai mengatakan ancaman gempa di bawah Pulau Siberut atau gempa Megathrust sudah di depan mata.

Dari tim 9 pemantau gempa.</TEXT>
</DOC>