<DOC>
	<DOCNO>30</DOCNO>
	<LABLE>HOAX</LABLE>
	<URL>http://islamidia.com/israel-berjanji-bahwa-indonesia-akan-dibuat-seperti-palestina-dalam-waktu-dekat/</URL>
	<AUTHOR></AUTHOR>
	<TITLE>Israel Berjanji Bahwa Indonesia Akan Dibuat Seperti Palestina Dalam Waktu Dekat</TITLE>
	<TEXT>
	Kasus Israel yang menyerang Palestina memang sangat menyedihkan, ada banyak korban yang jatuh bahwa anak-anak yang tak berdosa pun ikut menjadi korban penyerangan tersebut.

	Namun, saat-saat berduka seperti ini terdengan isu-isu bahwa Israel juga akan menyerang Indonesia yang dikarenakan Israel marah karena situs-situs mereka dibombardir oleh para peretas yang mayoritas dari Indonesia.

	Karena masalah tersebut orang-orang Israel mengatakan  agar orang-orang Indonesia  tidak mencampuri urusannya, dan para hacker Tanah Air tidak menyerang website-wwbsite di negara mereka.

	Jika tidak negara Israel akan menyerang Indonesia sama dengan saat mereka menyerang Palestina. Hal tersebut disampaikan dari Presiden Israel yaitu Reuven Rivlin saat ditemui di Yerusalem (7/25/2017).

	Israel bisa saja menghentikan aksinya jika Negara Indonesia tidak ikut campur masalah negara Israel kecuali itu perintah atau gabungnya Indonesia dengan PBB, kalau hanya Relawan maupun sekelom orang yang kami anggap ilegal kami tidak akan segan segan membuat nasib sama dengan Palestina ujar Reuven Rivlin.
	</TEXT>
</DOC>