<DOC>
	<DOCNO>305</DOCNO>
	<LABLE>NONHOAX</LABLE>
	<URL>http://www.viva.co.id/berita/dunia/937925-presiden-baru-india-berasal-dari-kasta-rendah</URL>
	<AUTHOR>Tim VIVA</AUTHOR>
	<TITLE>Presiden Baru India Berasal dari Kasta Rendah</TITLE>
	<TEXT>VIVA.co.id - Politikus Ram Nath Kovind terpilih menjadi Presiden ke-14 India. Ram Nath Kovind disebutkan selama ini bukan seorang politikus yang populer, pula berasal dari kasta Dalit terendah.

Dia sebelumnya menjabat sebagai Gubernur Bihar Timur dan mengalahkan rivalnya, politikus Kongres dari Partai Oposisi, Meira Kumar sebagaimana dilansir laman CNN Amerika Serikat.

Presiden terpilih tersebut berusia 71 tahun dan diusung partai pendukung pemerintah, Bharatiya Janata Party. Kovind diketahui didukung Perdana Menteri Narendra Modi karena Modi ingin mendapatkan dukungan yang lebih luas khususnya dari komunitas Dalit.

Kovind memiliki latar belakang sebagai pengacara dan pernah bertugas di Pengadilan Tinggi New Delhi dan Mahkamah Agung. Dua tahun terakhir, dia masuk di pemerintahan Bihar dengan didukung oleh partai perdana menteri.

Diketahui bahwa wewenang Presiden di India tidak terlalu besar. Segala kebijakan yang diambil harus melalui persetujuan Perdana Menteri. Namun legislasi dari Parlemen baru bisa lolos setelah mendapatkan tanda tangan Presiden. (mus)</TEXT>
</DOC>