<DOC>
	<DOCNO>306</DOCNO>
	<LABLE>NONHOAX</LABLE>
	<URL>http://www.viva.co.id/otomotif/unik/937916-gara-gara-sabuk-pengaman-justin-bieber-hampir-kena-tilang</URL>
	<AUTHOR>Tim VIVA</AUTHOR>
	<TITLE>Gara-gara Sabuk Pengaman, Justin Bieber Hampir Kena Tilang</TITLE>
	<TEXT>VIVA.co.id - Penyanyi Justin Bieber hampir berurusan dengan hukum lantaran diketahui tak menggunakan sabuk pengaman saat berkendara di Kawasan Beverly Hills, Amerika Serikat.

Seperti yang dilansir Metro, Jumat 21 Juli 2017, pelantun lagu "Sorry" itu hampir ditilang oleh petugas kepolisian setempat yang melihatnya tak mengenakan sabuk pengaman.

Menurut laporan, petugas yang sedang berpatroli saat itu melihat Justin tak menggunakan sabuk pengaman. Tak berlama-lama, petugas itu langsung mendatangi artis kontroversial itu dan memberinya teguran lisan.

Belum lama ini, penyanyi berusia 23 tahun itu juga harus berurusan dengan hukum saat didapati menggunakan telepon genggam saat mengemudi. Saat itu, petugas mengklaim Justin bersikap kooperatif.

Di Los Angeles, setiap warga negara yang kedapatan melanggar aturan berlalu lintas, yakni menggunakan telepon genggam saat mengemudi, dikenakan sanksi denda US$162 atau sekitar Rp2,2 juta.</TEXT>
</DOC>