<DOC>
	<DOCNO>307</DOCNO>
	<LABLE>NONHOAX</LABLE>
	<URL>http://www.viva.co.id/blog/lifestyle/937868-minum-kopi-justru-membuat-kita-lebih-mudah-tertidur</URL>
	<AUTHOR>Tim VIVA</AUTHOR>
	<TITLE>Minum Kopi Justru Membuat Kita Lebih Mudah Tertidur</TITLE>
	<TEXT>VIVA.co.id - Selama ini kopi selalu dikambinghitamkan sebagai salah satu penyebab seseorang mengalami sulit tidur. Memang benar sih, tapi secara teori, dengan meminum kopi, seharusnya kita malah bisa cepat tertidur. Tidak percayaA Begini penjelasannya.

Ketika kita meminum kopi, jumlah hormon adenosine di dalam tubuh mengalami penyusutan secara drastis. Sebagai gantinya, tubuh akan memproduksi hormon cortisol dan ephineprine.
Namun efek tersebut hanya terjadi sementara. Efek kafein dari kopi akan memudar dalam 1-2 jam. Ketika efek kafein memudar, hormon adenosine beredar dalam jumlah yang lebih banyak dari sebelumnya. Nah, itulah yang membuat kita lebih mudah mengantuk setelah minum kopi.

Efek kafein juga membuat kita lebih sering ke kamar kecil (diuretic), sehingga tubuh pun jadi kekurangan cairan. Ketika tubuh kekurangan cairan, darah mengalir lebih lambat. Hal ini mengakibatkan pasokan oksigen ke seluruh tubuh ikut melambat, terutama otak. Ketika hal itu terjadi, secara otomatis tubuh akan mengantuk.

Nah, itulah sebabnya kenapa kopi dapat memudahkanmu untuk tertidur. Berdasarkan pemaparan di atas, agar cepat tertidur, triknya adalah dengan meminum kopi antara 1-2 jam sebelum tidur. Jika kamu mengikuti cara kerja kafein di atas, kamu akan paham bahwa setelah rentang waktu itu, kamu akan mengalami kantuk yang lebih dari biasanya.</TEXT>
</DOC>