<DOC>
	<DOCNO>317</DOCNO>
	<LABLE>NONHOAX</LABLE>
	<URL>http://www.viva.co.id/berita/dunia/936560-20-tahun-pria-pakai-baju-wanita-demi-kejiwaan-sang-ibu</URL>
	<AUTHOR>Tim VIVA</AUTHOR>
	<TITLE>20 Tahun Pria Pakai Baju Wanita Demi Kejiwaan Sang Ibu</TITLE>
	<TEXT>VIVA.co.id - Seorang pria di China berbusana layaknya wanita kebanyakan selama 20 tahun untuk membantu ibunya yang mengalami gangguan kejiwaan akibat kematian anak perempuannya.

Pria yang tidak disebutkan namanya itu berasal dari Guilin di Wilayah Guangxi. Sehari-harinya ia mengenakan gaun tradisional cheongsam sambil menjaga ibunya. Dia mengaku mulai berpakaian sebagai wanita setelah ibunya menunjukkan tanda-tanda penyakit jiwa setelah kematian saudara perempuannya.
"Pertama kali saya berpakaian sebagai wanita, dia sangat bahagia, jadi saya terus melakukannya. Sejak itu saya terus berpakaian seperti wanita bahkan saya tidak memiliki pakaian pria," kata pria tersebut seperti dikutip Telegraph, Selasa 18 Juli 2017.

Pria yang belum berkeluarga ini mengatakan tidak khawatir dengan cibiran orang mengenai caranya berpakaian.

"Ini urusan keluarga saya, jika ada yang tidak menyukainya maka ya jangan lihat. Saya melakukan ini untuk ibu saya, mengapa saya takut orang menertawakan sayaA" katanya.

Dalam rekaman video yang beredar luas di media sosial China, sang ibu terlihat dalam keadaan lemah dan mengatakan bahwa dia adalah anak perempuannya. "Ketika anak perempuan saya yang lain meninggal, dia menjadi anak perempuan saya," ujar sang ibu.

Kisah ini lalu menyebar luas di jejaring sosial China, Weibo. Banyak netizen yang memuji perilaku pria tersebut dan menilainya sangat berbakti kepada orangtua.</TEXT>
</DOC>