<DOC>
	<DOCNO>318</DOCNO>
	<LABLE>NONHOAX</LABLE>
	<URL>http://www.viva.co.id/berita/dunia/936548-dianggap-hina-presiden-xi-jinping-winnie-the-pooh-dilarang</URL>
	<AUTHOR>Tim VIVA</AUTHOR>
	<TITLE>Dianggap Hina Presiden Xi Jinping, Winnie the Pooh Dilarang</TITLE>
	<TEXT>VIVA.co.id - Karakter kartun Winnie the Pooh resmi dilarang di China. Keberadaan kartun yang terkenal sedunia itu dianggap menghina Presiden China, Xi Jinping.

Gambar dan ikon Winnie juga ditarik dari media sosial WeChat yang terkenal dan memang berasal dari China. Laman China, Sina Weibo menyatakan, Pemerintah China memang sengaja tak memberikan alasan pasti soal ini.

Dilansir laman independent.co.uk, Xi Jinping memang beberapa kali dirujuk dengan karakter kartun Winnie the Pooh. Antara lain pada saat pertemuannya dengan Presiden Amerika Serikat Barack Obama, Presiden Xi dianalogikan sebagai  Winnie the Pooh sementara Obama sebagai the Tiger. Pada saat itu mereka dibandingkan dengan adegan Winnie dan the Tiger yang sedang bergandengan tangan.

Tak hanya itu, Xi Jinping juga kembali diasosiasikan dengan karakter Winnie the Pooh pada saat dia bertemu dengan PM Jepang Shinzo Abe.

Sensor terhadap berbagai hal termasuk tokoh film dan seni memang bukan hal baru di negeri Tirai Bambu. Kali ini, Winnie the Pooh yang menjadi korban akibat keisengan para netizen. (mus)</TEXT>
</DOC>