<DOC>
	<DOCNO>319</DOCNO>
	<LABLE>NONHOAX</LABLE>
	<URL>http://www.viva.co.id/berita/dunia/936522-kisah-ogburn-hidup-setelah-kematian-40-menit</URL>
	<AUTHOR>non hoax</AUTHOR>
	<TITLE>Kisah Ogburn, Hidup Setelah Kematian 40 Menit</TITLE>
	<TEXT>VIVA.co.id - Seorang pria di Carolina Utara, Amerika Serikat sempat kehilangan denyut jantung selama 40 menit dan dianggap mati hingga akhirnya setelah lewat 40 menit, dia kembali bernapas.

John Ogburn, pria berusia 36 tahun sempat terkena serangan jantung dan mati seketika. Namun petugas darurat medis yang menanganinya tak menyerah hingga kemudian dia bernapas kembali.

Dia mengalami serangan jantung pada saat bekerja di depan komputer jinjingnya di rumahnya. Polisi yang berada di sekitar kediamannya kemudian datang dan memberikan bantuan pernapasan lalu memanggil 911. Ayah tiga anak itu  lalu bisa diselamatkan.

Dilansir BBC, Ogburn kemudian dirawat intensif untuk pemulihan. Dia mengaku merasa lebih baik setelah bangun dari "kematian".

"Sebelumnya saya tidak merasa sebaik ini. Mungkin karena rutinitas saya juga mulai berubah," kata John Ogburn.

Menanggapi hal ini, Dosen Fakultas Kedokteran University of Alabama,  Dr Michael Kurz mengatakan, bahwa hidupnya Ogburn adalah bukti penanganan serangan jantung yang baik. Dia mengatakan bahwa orang dengan serangan jantung memang setiap detiknya mengalami hilangnya kemungkinan hidup.

Dia mengatakan, setiap tahun ada sekitar 350 ribu orang dengan serangan jantung mendatangi rumah sakit di AS. Namun sayangnya diperkirakan hanya sekitar 46 persen yang mendapatkan penanganan profesional yang tepat. (mus)</TEXT>
</DOC>