<DOC>
	<DOCNO>320</DOCNO>
	<LABLE>NONHOAX</LABLE>
	<URL>http://www.viva.co.id/berita/dunia/936481-adik-ipar-dipukuli-karena-lahirkan-bayi-perempuan</URL>
	<AUTHOR>Tim VIVA</AUTHOR>
	<TITLE>Adik Ipar Dipukuli karena Lahirkan Bayi Perempuan</TITLE>
	<TEXT>VIVA.co.id - Seorang pria memukuli adik iparnya yang baru melahirkan. Ia tak terima karena adik iparnya itu melahirkan bayi perempuan, sementara ia berharap bayi laki-laki.

Dilaporkan oleh Hindustan Times, 17 Juli 2017, kakak ipar yang tak terima karena mendapat keponakan perempuan mendatangi rumah adiknya di wilayah Punjab, sebelah utara India, sambil membawa tongkat. Ia datang bersama seorang temannya. Dengan marah, kedua pria itu lalu memukuli ibu muda yang baru melahirkan.

Seorang tetangga yang mendengar jeritan dan permintaan tolong dari korban merekam adegan sadis itu menggunakan ponselnya.

Keluarga perempuan yang mendapatkan laporan bergegas datang dan menyelamatkan keluarga mereka. Merasa tak terima mereka melaporkan pelaku, temannya, juga Daljit Singh, suami perempuan tersebut ke polisi dengan beberapa dakwaan. Termasuk di antaranya memasuki rumah tanpa izin, memukuli, dan mengancam nyawa ibu muda tersebut.

Kedua pria pelaku penyerangan telah ditahan. Kasus mereka segera dilimpahkan ke pengadilan di Punjab untuk diproses.</TEXT>
</DOC>