<DOC>
	<DOCNO>327</DOCNO>
	<LABLE>NONHOAX</LABLE>
	<URL>http://pojoksatu.id/bola/olimpiade-rio-de-jeneiro/2016/08/11/atlet-olahraga-air-olimpiade-terancam-jutaan-virus/</URL>
	<AUTHOR>Ruh Guruh</AUTHOR>
	<TITLE>Atlet Olahraga Air Olimpiade Terancam Jutaan Virus</TITLE>
	<TEXT>POJOKSATU.id, BRASIL - Sebuah laporan mengejutkan dibeberkan Asotiation Press yang mengungkapkan adanya lebih dari 1,7 juta virus dalam air di gelanggang enang Olimpiade Rio yang mengancam jiwa para atlet renang atau olahraga air lainnya.

Selain di gelanggang olahraga, virus itu juga terdapat di kawasan pantai seperti Ipanema dan Copacabana.

Dari hasil survey yang dilakukan AP pada gelanggang-gelanggang renang yang diperuntukkan bagi pertandingan olimpiade maupun paralimpiade mengungkapkan bahwa terdapat tingkat resiko yang tinggi dan berbahaya dari virus tersebut.

Ironisnya, virus itu pun dipastikan bisa mengancam keselamatan para atlet terutama dari cabang olahraga air seperti surfing, dayung sampan dan renang di perairan terbuka.

Virus ini berasal dari limbah mentah yang banyak terdapat di bagian dasar air, kata John Griffith, seorang ahli biologi kelautan di Southern California Coastal Water Research Project.

Ini semua air yang berasal dari toilet dan kamar mandi. Semua bercampur dan berkumpul sehingga menciptakan virus. tutupnya.</TEXT>
</DOC>