<DOC>
	<DOCNO>330</DOCNO>
	<LABLE>NONHOAX</LABLE>
	<URL>https://nasional.tempo.co/read/1020382/pria-asal-tegal-tewas-ditembak-setelah-melerai-cekcok-di-diskotik</URL>
	<AUTHOR>MUHAMMAD IRSYAM FAIZ</AUTHOR>
	<TITLE>Pria Asal Tegal Tewas Ditembak Setelah Melerai Cekcok di Diskotik</TITLE>
	<TEXT>TEMPO.CO, Jakarta - Peristiwa penembakan terjadi di sebuah hotel di Kota Tegal Kamis dini hari, 28 September 2017. Akibatnya satu orang meninggal dunia dan satu mengalami luka-luka.
 
Informasi yang dihimpun  Tempo menyebutkan penembakan itu terjadi sekitar pukul 03.00 WIB. Lokasi penembakan berada di area parkir di depan musala Hotel Karlita, Kota Tegal. "Ya tadi jam tiga," kata salah seroang petugas keamanan, Kliwon, saat ditemui di lokasi kejadian.
Baca: Berebut Pemandu Karaoke, Antong Bunuh Ana di Cafe Sabela
Kliwon mengaku tidak mengetahui persis bagaimana kronologi kejadiannya. Sebab saat itu dia tidak berada di lokasi. Namun, menurutnya, sebelum peristiwa penembakan terjadi, ada cekcok dari ruang diskotik hingga lapangan parkir. "Informasinya memang ada cekcok dulu," imbuhnya.
 
Akibat penembakan itu, Warin, 38 tahun, seorang pria asal Kelurahan Tegalsari, Kota Tegal tewas tertembus peluru. Korban lainnya, Setyo Utomo, 30 tahun, mengalami luka-luka karena ikut tertembak. "Warin yang melerai cekcok," kata Kliwon.
Simak: Tersangka Pembunuhan di Cafe Sabela Ditangkap
Hingga berita ini ditulis, pelaku penembakan dan motif di baliknya belum terungkap. Kapolres Tegal Kota Ajun Komisaris Besar Semmy Ronny Thabaa membenarkan peristiwa itu. "Ya benar ada penembakan," kata dia.
 
Namun dia belum bisa memberikan keterangan lebih lanjut. Ronny berjanji akan memberikan penjelasan kepada wartawan setelah kasusnya jelas. "Saya tidak bisa jawab pertanyaan wartawan satu satu. Nanti akan kumpulkan wartawan dan kami berikan keterangan," jelas Semmy.
</TEXT>
</DOC>