<DOC>
	<DOCNO>335</DOCNO>
	<LABLE>NONHOAX</LABLE>
	<URL>https://news.okezone.com/read/2017/07/21/65/1741518/asyik-50-kampus-di-indonesia-bakal-dibagikan-bus?utm_source=newsdanutm_medium=news_boxdanutm_campaign=breaking</URL>
	<AUTHOR>Feby Novalius</AUTHOR>
	<TITLE>50 Kampus di Indonesia Bakal Dibagikan Bus</TITLE>
	<TEXT>JAKARTA - Pemerintah Pusat berencana mengalokasikan pengadaan moda transportasi bus dari Pemerintah Daerah ke kampus-kampus di Indonesia. Hal ini dilakukan karena tidak dioptimalkannya pengadaan bus yang diberikan ke Pemda.

Menteri Perhubungan Budi Karya Sumadi mengatakan, bila dilihat rencana pengembangan moda transportasi dalam jangka panjang memang banyak yang harus dikejar. Caranya dengan meneliti fungsi dan tempat moda transportasi tersebut berada.Misalnya seperti pada moda transportasi darat, di mana ada 3.700 bus yang diberikan ke Pemda. Tapi setelah diteliti ternyata tidak dioptimalkan secara maksimal pelayanannya.

"Kita kan masih ada 1.700 bus. Dengan anggaran yang relatif terbatas ini, kita melakukan down sizing, itu kita tujukkan ke kampus. Kenapa? karena kalau dikampus dikasih bus janji akan memberikan kemudahan untuk mahasiswa," ujarnya, di Kementerian Perhubungan, Jakarta, Jumat (21/7/2017).

Tak hanya itu, ada efek lain yang diberikan kampus jika bus benar-benar diberikan. Di mana dia akan melakukan suatu penelitian untuk mencari bahan bakar moda transportasi yang layak.

"Kita berikan lebih dari 50 kampus, yang kedua karena anggaran terbatas, kita leasing, kita beli 5 tahun, sehingga pembayaran ini bisa kita simpan,"ujarnya.

Memang langkah ini kata Budi, sesuatu yang baru dilakukan. Bukan hanya di darat, penelitian terhadap lokasi dan tempat transportasi juga dilakukan juga di laut dan udara.</TEXT>
</DOC>