<DOC>
	<DOCNO>338</DOCNO>
	<LABLE>NONHOAX</LABLE>
	<URL>https://finance.detik.com/berita-ekonomi-bisnis/d-3568911/ada-skytrain-di-bandara-soekarno-hatta-shuttle-bus-tetap-jalan?_ga=2.66006120.716028537.1500630482-1303457247.1488944131</URL>
	<AUTHOR>Citra Fitri Mardiana</AUTHOR>
	<TITLE>Ada Skytrain di Bandara Soekarno-Hatta</TITLE>
	<TEXT>Jakarta - Bulan depan, skytrain atau automated people mover system (APMS) Bandara Soekarno-Hatta fase pertama, ditargetkan sudah bisa dioperasikan.

Nantinya, fasilitas moda transportasi ini akan menjadi sarana akomodasi bagi para penumpang dari terminal 2 menuju terminal 3 Bandara Soekarno-Hatta, atau sebaliknya. Nantinya jika beroperasi penuh, skytrain juga akan bisa menjangkau penumpang dari terminal 1 sampai terminal 3 bandara. 

Skytrain sendiri berfungsi sebagai pilihan tambahan bagi penumpang yang ingin melakukan mobilisasi antar terminal di Bandara-Soekarno Hatta, yang sebelumnya hanya difasilitasi oleh shuttle bus.

Manager Publik Relation PT Angkasa Pura II Yado Yarismano mengatakan, meski nantinya skytrain sudah beroperasi, pihaknya masih akan tetap mengoperasikan shuttle bus bandara. 

"Untuk sementara akan begerak berdampingan. Skytrain ada, shuttle bus juga ada. Penumpang bisa pilih, pakai shuttle bus atau skytrain," ujarnya pada detikFinance, Jumat (21/7/2017).

Seperti diketahui, Angkasa Pura II selama ini mengoperasikan 12 unit shuttle bus dengan kapasitas masing-masing bus 20-25 orang untuk setiap perjalanan. Shuttle bus tersebut digunakan untuk memfasilitasi para penumpang dari satu terminal ke terminal lain.

Namun, untuk kebijakan selanjutnya apakah pengoperasian shuttle bus dilanjutkan atau tidak, Yado mengaku masih akan menunggu keputusan manajemen bandara.

"Ke depan kami masih akan menunggu keputusan manajemen soal shuttle bus ini," ujarnya</TEXT>
</DOC>