<DOC>
	<DOCNO>34</DOCNO>
	<LABLE>HOAX</LABLE>
	<URL>http://www.rakyatsumatera.com/2017/07/gawat-nelayan-aceh-lihat-3-kapal-perang.html</URL>
	<AUTHOR></AUTHOR>
	<TITLE>GAWAT! Nelayan Aceh Lihat 3 Kapal Perang Israel, TNI Langsung Kerahkan Kekuatan Penuh </TITLE>
	<TEXT>
	Kemarahan Israel pada Indonesia memuncak. Hal ini terjadi setelah hacker Indonesia yang yang tergabung dalam cyber muslim Internasional membobol ratusan situs penting milik pemerintahan Israel.

Dalam wawancara AlQuds beberapa waktu lalu, Menteri Keamanan Publik Israel Gilad Erdan mengatakan akan memberi pelajaran pada Indonesia karena selalu ikut campur masalah negara mereka.
"Tolong jangan campuri urusan negara kami. Atau kami akan memberi kejutan pada kalian," ancamnya.

Kejutan yang dimaksud Gilad Erdan ternyata bukan isapan jempol semata. Kemarin (29/7), nelayan Aceh melihat tiga kapal perang Israel dengan kekuatan penuh di Samudera Hindia.

Melalui alat komunikasi, nelayan Aceh tersebut langsung menghubungi TNI AL. Dan beberapa saat kemudian, 7 pesawat tempur Indonesia terdiri dari 5 pesawat F16 dan 2 Sukhoi melakukan pengejaran.

Aksi kejar-kejaran tersebut juga dibantu 4 kapal perang Indonesia yang sedang patroli.

Saksi mata menyebutkan, 3 kapal perang Israel langsung balik kanan dan menjauh dari garis pantai Indonesia tanpa ada kontak senjata.
	</TEXT>
</DOC>