<DOC>
	<DOCNO>346</DOCNO>
	<LABLE>NONHOAX</LABLE>
	<URL>https://inet.detik.com/cyberlife/d-3658133/whatsapp-kini-diblokir-tanpa-ampun-di-china</URL>
	<AUTHOR>Achmad Rouzni Noor II </AUTHOR>
	<TITLE>WhatsApp Kini Diblokir Tanpa Ampun di China</TITLE>
	<TEXT>Jakarta - WhatsApp akhirnya diblokir sepenuhnya di China. Setelah tak bisa berkirim foto dan video, kini layanan messaging milik Facebook itu pun tak lagi bisa berkirim pesan teks.

Seperti detikINET kutip dari CNBC, Selasa (26/9/2017), pemblokiran terhadap WhatsApp ini dilakukan setelah pemerintah China meningkatkan sistem firewall mereka untuk menerapkan kebijakan sensor dan proteksi yang ketat.

Dengan demikian, Facebook pun benar-benar dibuat mati kutu. Pasalnya, WhatsApp adalah layanan terakhir milik mereka yang mampu menembus tembok China setelah Facebook diblokir sejak 2009 lalu. Instagram pun demikian.Pemblokiran ini merupakan salah satu upaya China untuk memperketat pengawasan terhadap aplikasi yang beredar di negaranya. WhatsApp menggunakan end-to-end encryption yang membuat pemerintah China tak bisa melihat isi pesan yang dikirimkan antar pengguna. 

Tapi aplikasi pesan instan lain seperti Skype dan Apple FaceTime masih diperbolehkan di China lantaran tak memiliki kebijakan kerahasiaan seketat WhatsApp.</TEXT>
</DOC>