<DOC>
	<DOCNO>348</DOCNO>
	<LABLE>NONHOAX</LABLE>
	<URL>https://inet.detik.com/telecommunication/d-3615300/ada-gangguan-satelit-telkom-minta-maaf</URL>
	<AUTHOR>Adi Fida Rahman</AUTHOR>
	<TITLE>Ada Gangguan Satelit, Telkom Minta Maaf</TITLE>
	<TEXT>Jakarta - Sejumlah warga mengeluhkan tidak dapat menerima sejumlah siaran televisi nasional. Rupanya, hal ini dikarenakan terjadi gangguan pada satelit Telkom 1.

Diketahui gangguan ini bermula sejak Jumat sore (25/8/2017) ditandai dengan hilangnya sejumlah siaran yang ditangkap lewat parabola. Tidak lama berselang, media sosial milik sejumlah stasiun televisi nasional pun mengumumkan terjadinya gangguan penerimaan satelit Telkom 1.

detikINET coba menkofirmasi kepada pihak Telkom melalu persoalan tersebut. Pihak Telkom pun membenarkan bahwa satelit miliknya terjadi gangguan. Mereka pun menyampaikan permohonan maaf ke pada masyarakat atas terjadinya gangguan tersebut. 

Berikut pernyataan resmi Telkom:

Bahwa sekitar pukul 16.51 WIB hari ini (25/08) telah terjadi gangguan satelit Telkom 1. Saat ini Telkom dibantu oleh Lockheed Martin selaku pabrikan satelit Telkom 1 tengah melakukan proses recovery dan diperkirakan layanan kembali normal sekitar pukul 02.00 WIB (26/08).

Telkom 1 memiliki 36 transponder yang saat ini melayani kebutuhan transponder pelanggan di Indonesia dan Regional. Atas kejadian ini Telkom menyampaikan permohonan maaf kepada masyarakat khususnya para pelanggan yang terganggu.

Telkom senantiasa berupaya menjaga kualitas layanan guna menciptakan pengalaman terbaik pelanggan.	(afr/fyk)</TEXT>
</DOC>