<DOC>
	<DOCNO>350</DOCNO>
	<LABLE>NONHOAX</LABLE>
	<URL>https://inet.detik.com/cyberlife/d-3655697/zuck-bakal-lepas-saham-facebook-senilai-rp-168-triliun</URL>
	<AUTHOR>Sylke Febrina Laucereno</AUTHOR>
	<TITLE>Zuck Bakal Lepas Saham Facebook Senilai Rp 168 Triliun</TITLE>
	<TEXT>Jakarta - Bos Facebook, Mark Zuckerberg, akan menjual 75 juta saham Facebook senilai US$ 12,8 miliar atau sekitar Rp 168,9 triliun (USD 1 = Rp 13.200).

Penjualan saham ini akan akan dilakukan dalam jangka waktu 18 bulan ke depan. Penjualan saham dilakukan di harga mulai dari US$ 6 miliar hingga US$ 12,8 miliar. Harga yang dipatok sesuai dengan harga yang berlaku saat ini.

Niatan Zuckerberg menjual 35 juta hingga 75 juta saham ini tercantum dalam dokumen resmi Facebook yang disampaikan kepada otoritas pasar modal AS Jumat lalu.

"Hasil penjualan saham tersebut adalah untuk mendanai yayasan kemanusiaan milik Zuckerberg dan istrinya, Priscilla Chan," tulis dokumen tersebut seperti dikutip CNBC, Sabtu (23/9/2017).

Kemudian, dalam dokumen juga disebutkan, Facebook membatalkan rencana untuk penerbitan saham baru. Padahal, jika itu dilakukan maka Zuckerberg bisa mempertahankan jumlah kepemilikan saham sekaligus meraup dana tambahan.

Investor telah menuntut Facebook untuk menghentikan rencana tersebut. Zuckerberg pun dijadwalkan untuk memberikan kesaksian minggu depan.

Pada perdagangan Jumat, saham Facebook ditutup US$ 170,54 per lembar saham. Harganya sedikit terkoreksi setelah ada pengumuman tersebut.</TEXT>
</DOC>