<DOC>
	<DOCNO>354</DOCNO>
	<LABLE>NONHOAX</LABLE>
	<URL>https://hot.detik.com/art/d-3565698/4-hari-dijual-tiket-konser-musikal-la-la-land-hampir-ludes</URL>
	<AUTHOR>Tia Agnes</AUTHOR>
	<TITLE>4 Hari Dijual, Tiket Konser Musikal 'La La Land' Hampir Ludes</TITLE>
	<TEXT>
		Jakarta - 'La La Land in Concert' akan menyambangi Ibu Kota akhir November mendatang. Promotor Rajawali Indonesia Communication sudah menyiapkan dua ribu lembar tiket untuk dua kali show selama 4-5 November 2017. Kabar terbarunya, tiket 'La La Land in Concert' hampir ludes. 

		"Tiket La La Land untuk kelas silver dan gold hari satu dan dua sudah sold out," tutur CEO Rajawali Indonesia Communication, Anas Syahrul Alimi, kepada detikHOT, Rabu (19/7/2017). 

		Dua kelas lainnya yakni Platinum dan Diamon tinggal 30 % saja. "Itu hanya dalam hitungan empat hari saja," tutur Anas Syahrul Alimi. 
		Sebelumnya pada Sabtu (15/7) lalu, Rajawali Indonesia Communication mengumumkan menjual tiket 'La La Land in Concert' mulai pukul 12.00 WIB. Tiketnya dibanderol senilai Rp 600 ribu (silver), Rp 1.250.000 (gold), Rp 2 juta (platinum), dan Rp 2.750.000 (diamond). 

		Konser musikal 'La La Land' konsepnya akan sama seperti negara asalnya, Amerika. Konsep yang disesuaikan tersebut berasal dari Lionsgate dan Summits Entertainment serta tak ada yang diubah dari pihak promotor. "Jadi konsepnya sama persis. Kami akan melibatkan orkestra dari Indonesia dan Amerika. Conductor juga langsung dari mereka," lanjutnya

		Pementasan live yang dibungkus alunan orkestra itu menjadi salah satu pertunjukan yang layak dinanti akhir tahun ini. Tak hanya itu saja, konser musikal ini perdana digelar di Asia Tenggara. Untuk kawasan Asia sendiri, mereka akan mampir ke Taiwan dan Jepang. 

	
	</TEXT>
</DOC>