<DOC>
	<DOCNO>36</DOCNO>
	<LABLE>HOAX</LABLE>
	<URL>http://tamiangnews.com/berita/2017/08/29/licik-sadis-militer-myanmar-bakar-warga-sipil-rohingya-saat-sedang-shalat-subuh/</URL>
	<AUTHOR></AUTHOR>
	<TITLE>LICIK, SADIS!!! Militer Myanmar Bakar Warga Sipil Rohingya Saat Shalat Subuh</TITLE>
	<TEXT>
	Penyerangan 30 pos polisi dan militer Myanmar oleh militan Rohingya berbuntut panjang. Dengan taktik licik, militer Myanmar membumihanguskan sebuah mesjid yang sedang digunakan untuk shalat subuh berjamaah.
	
	Mereka membunuh warga sipil yang sedang melakukan shalat. mereka benar-benar iblis teriak hasan, seperti dikutip dari theasiaguardian.com.
	
	Setidaknya ratusan warga tidak bersalah menjadi korban pembakaran sadis itu. terlebih lagi, masjid yang dibakar tersebut merupakan salah satu tempat pengungsian warga rohingya.
	
	Pemerintah myanmar belum mengeluarkan statement apapun terkait aksi brutal tersebut.
	
	Sementara itu, pertempuran masih terjadi di sekitar kota rathedaung, di mana telah terjadi penumpukan pasukan myanmar dalam beberapa pekan terakhir.
	
	anggota militer dan polisi bertempur melawan teroris ekstremis bengali, kata min aung hlaing panglima tertinggi angkatan bersenjata negara itu, dalam sebuah pernyataan yang menggunakan deskripsi negara untuk kelompok militan rohingya.
	
	orang - orang bersembunyi, terutama orang tua dan wanita kata hla tun, seorang pria rohingya dari sebuah desa yang dekat dengan lokasi pertempuran, kepada guardian.
	
	militer mencoba memasuki desa kami pada pukul 15.30 dan menembak kami dengan senjata api katanya, yang menambahkan bahwa empat warga rohingya terbunuh.
	</TEXT>
</DOC>