<DOC>
	<DOCNO>361</DOCNO>
	<LABLE>NONHOAX</LABLE>
	<URL>https://news.detik.com/berita/d-3568916/polisi-tilang-mobil-odong-odong-di-jatinegara?_ga=2.95432538.716028537.1500630482-1303457247.1488944131</URL>
	<AUTHOR>Nugroho Tri Laksono</AUTHOR>
	<TITLE>Polisi Tilang Mobil Odong-odong di Jatinegara</TITLE>
	<TEXT>
			Jakarta - Personel Satlantas Polres Metro Jakarta Timur menilang sopir mobil odong-odong yang melintas di Jl Jatinegara Barat, Jakarta Timur. Penilangan dilakukan karena mobil itu menyalahi aturan operasi dan membahayakan penumpang. 

			"Odong-odong yang melintas ini sangat membahayakan bagi penumpangnya, apalagi banyak balita," ujar Kasatlantas Polres Jaktim AKBP Sutimin dalam keterangannya kepada detikcom, Jumat (21/7/2017).
			Dua mobil odong-odong melintas di Jl Jatinegara Barat sekitar pukul 16.00 WIB. Personel yang tengah berjaga langsung menilang sopir mobil.

			Sutimin menegaskan pihaknya akan memberikan sanksi lebih tegas jika odong-odong tersebut masih beroperasi di jalan raya.

			"Kita peduli keselamatan bentuk kemanusiaan. Oleh karena itu, kita berikan sanksi lebih tegas jika masih beroperasi di jalan raya," tegasnya.
				
	</TEXT>
</DOC>