<DOC>
	<DOCNO>363</DOCNO>
	<LABLE>NONHOAX</LABLE>
	<URL>https://news.okezone.com/read/2017/07/21/18/1741397/perempuan-china-sembunyikan-102-iphone-dan-15-jam-tangan-di-korset</URL>
	<AUTHOR>Silviana Dharma</AUTHOR>
	<TITLE>Perempuan China Sembunyikan 102 iPhone dan 15 Jam Tangan di Korset</TITLE>
	<TEXT>
			HONG KONG - Malam itu begitu hangat. Namun, seorang perempuan datang dengan baju berlapis-lapis. Tubuhnya agak tambun, tetapi juga terlihat aneh dan tak seharusnya. Penampilannya membuat para penjaga di gerbang pemeriksaan curiga.

			Seperti disadur dari The Star, Jumat (21/7/2017), dia kemudian disuruh berjalan melewati mesin pendeteksi logam. Raut wajahnya tampak takut. Ketika dia melintas, mesin pun berbunyi.

	</TEXT>
</DOC>