<DOC>
	<DOCNO>369</DOCNO>
	<LABLE>NONHOAX</LABLE>
	<URL>https://news.detik.com/internasional/d-3662794/kapal-pengungsi-rohingya-tenggelam-10-anak-anak-dan-4-wanita-tewas</URL>
	<AUTHOR>Novi Christiastuti</AUTHOR>
	<TITLE>Kapal Pengungsi Rohingya Tenggelam, 10 Anak-anak dan 4 Wanita Tewas</TITLE>
	<TEXT>Dhaka - Sebuah kapal yang membawa pengungsi Rohingya tenggelam di lepas pantai Bangladesh. Tragis, sedikitnya 10 anak-anak dan empat wanita tewas dalam insiden ini.

Dituturkan para saksi mata dan sejumlah korban selamat, seperti dilansir AFP, Kamis (28/9/2017), kapal yang ditumpangi para pengungsi Rohingya yang melarikan diri dari konflik Rakhine itu, terbalik dan tenggelam di perairan berjarak beberapa meter dari pantai Bangladesh.Disebutkan bahwa kapal itu terbalik setelah menabrak sebuah objek yang ada di dalam air. Kapal terbelah menjadi dua bagian hingga akhirnya terbawa ombak ke tepi pantai.

"Kapal itu tenggelam di depan kami. Beberapa menit kemudian, gelombang laut menyapu sejumlah jasad ke pantai," tutur warga Bangladesh bernama Mohammad Sohel, yang bekerja sebagai penjaga toko setempat. Salah satu korban selamat dalam insiden itu, Nurus Salam menuturkan, bahwa dirinya berlayar dari sebuah desa tepi pantai di Myanmar pada Rabu (27/9) tengah malam waktu setempat. Salam mengungsi bersama istri dan anaknya yang tewas dalam insiden mengenaskan itu.

"Kapal menabrak sesuatu di bawah air ketika mendekati pantai. Kapal kemudian terbalik," ujarnya kepada AFP.

Pejabat kepolisian setempat, Fazlul Karim, menuturkan kepada AFP bahwa sedikitnya 14 jenazah korban telah tersapu ombak hingga ke tepi pantai. Dikhawatirkan jumlah korban tewas dalam insiden ini masih akan bertambah. Tidak disebut lebih lanjut total ada berapa orang dalam satu perahu itu.Dilaporkan sekitar 120 pengungsi Rohingya, yang kebanyakan anak-anak, tewas tenggelam saat berusaha mengungsi ke Bangladesh via jalur laut. Kebanyakan dari mereka menumpang kapal nelayan berukuran kecil, yang tidak layak digunakan berlayar di lautan lepas. Tidak hanya itu, para pengungsi Rohingya juga terpaksa berdesakan dengan para pengungsi lainnya demi bisa berlayar ke Bangladesh. 

Sejak konflik kembali pecah di Rakhine pada 25 Agustus lalu, sedikitnya 480 ribu warga Rohingya telah mengungsi ke Bangladesh. 
</TEXT>
</DOC>