<DOC>
	<DOCNO>370</DOCNO>
	<LABLE>NONHOAX</LABLE>
	<URL>https://news.detik.com/berita-jawa-timur/d-3662790/masih-pikul-hasil-panen-petani-magetan-minta-akses-jalan</URL>
	<AUTHOR>Sugeng Harianto</AUTHOR>
	<TITLE>Masih Pikul Hasil Panen, Petani Magetan Minta Akses Jalan</TITLE>
	<TEXT>Magetan - Puluhan petani Dusun Pulutan, Desa Banjarpanjang, Ngariboyo, Magetan menggelar aksi damai. Mereka menuntut bantuan perbaikan jalan sawah sepanjang 1 km.

"Ini jalan untuk akses ke sawah satu satunya. Kalau jalan ndak bisa di lewati kan menghambat aktivitas petani kalau waktu panen padi," ungkap salah satu petani, Mustopo Kamis (28/9/2017).

Mustopo mengatakan, pengajuan perbaikan jalan sepanjang 1 km ini telah diajukan sejak 2015. tetapi hingga sekarang sama sekali belum terealisasi.

Akses jalan tersebut, menurut Mustopo, dibutuhkan untuk meminimalisir biaya angkut dan tenaga saat panen. Dengan jalan jelek ini, petani harus memikul hasil panennya sejauh 200-300 meter. 

"Kami berharap agar TNI dan Pemkab Magetan turun ke desa untuk memberi bantuan perbaikan jalan sawah sepanjang 1 km," kata Mustopo.

TNI diminta bantuan oleh petani karena TNI mempunyai program TNI Manunggal Membangun Desa (TMMD). Pemkab bisa bekerjasama dengan TNI untuk pembangunan jalan tersebut.

Dalam aksi itu, petani menggelar doa bersama. Para petani juga membawa poster yang bertuliskan antara lain 'Petani tidak butuh jalan tol butuh jalan pertanian, Dari jaman belanda sampai jaman Jokowi petani tetap menderita, dan lain sebagainya. </TEXT>
</DOC>