<DOC>
	<DOCNO>373</DOCNO>
	<LABLE>NONHOAX</LABLE>
	<URL>https://news.detik.com/berita/d-3662739/polisi-tangkap-pelajar-tawuran-di-serang-gergaji-parang-disita</URL>
	<AUTHOR>Bahtiar Rifa'i</AUTHOR>
	<TITLE>Polisi Tangkap Pelajar Tawuran di Serang, Gergaji-Parang Disita</TITLE>
	<TEXT>Serang - Belasan pelajar ditangkap polisi seusai tawuran di daerah Curug, Kota Serang, Banten. Tawuran itu membuat satu orang mengalami luka bacok. 

Tawuran pelajar itu terjadi di sekitar Jalan Raya Serang-Petir, Kecamatan Curug, Banten, pukul 15.10 WIB, Kamis (28/9/2017). Pemicu tawuran adalah dendam lama antarpelajar di SMK PGRI 1 dan SMK PGRI 2 Kota Serang. 

Penyerangan dilakukan oleh SMK PGRI 1 ke SMK PGRI 2. Namun tawuran juga melibatkan pelajar lain dari SMK 4 Kota Serang dan SMK 1 Kragilan. 

Akibat tawuran itu, satu pelajar atas nama Ahmad Sopian mengalami luka bacok di bagian kaki sebelah kiri dan kepala. Saat ini, ia mendapatkan perawatan intensif di RSUD Banten. 

"Iya tawuran siang tadi di wilayah Curug depan masjid, sementara ini sudah diamankan," kata Kapolres Serang Kota AKBP Komarudin kepada wartawan.Komarudin melanjutkan belasan pelajar tersebut sampai malam ini masih dimintai keterangan. Kemungkinan ada tambahan pelaku tawuran karena saat ini kepolisian bersama guru masing-masing sekolah masih mencari siswa lain. 

"Sementara mau kita dalami, kemungkinan ada tambahan yang diamankan karena malam ini masih kita cari bersama guru," katanya. 

Kepolisian juga menyita kendaraan bermotor milik masing-masing pelajar. Selain itu, ada beberapa senjata tajam, berupa tiga gergaji besi, dua celurit, dan satu parang gagang panjang. </TEXT>
</DOC>