<DOC>
	<DOCNO>38</DOCNO>
	<LABLE>HOAX</LABLE>
	<URL>Instagram</URL>
	<AUTHOR></AUTHOR>
	<TITLE>PDIP tegaskan akan mendukung PKI</TITLE>
	<TEXT>
	Anggota DPR RI dari partai demokrasi indonesia perjuangan bambang beathor suryadi mengajak kader - kader partai lain untuk mencabut tap mprs no xxv/1996.
	
	hanya dengan mencabut tap mprs no xxv/1996, bangsa ini kembali mampu membentengi bangsa, negara dan rakyat dari rongrongan ideologi dan maksud bangsa lain, paparnya seperti diberitakan aktual.co,
	
	alasan pencabutan itu, lanjutnya, karena indonesia yang kaya raya ini sekarang menjadi rebutan gerakan internasional baik ekonomi liberal maupun gerakan bersenjata ISIS serta gerakan lainnya.
	
	seperti diketahui, tap mprs no xxv/1996 yakni ketetapan tentang pembubaran partai komunis indonesia, pernyataan sebagai organisasi terlarang di seluruh wilayah negara republik indonesa dan larangan setiap kegiatan untuk menyebarkan atau mengembangkan faham atau ajaran komunisme / marxisme-lelinisme.
	</TEXT>
</DOC>