<DOC>
	<DOCNO>380</DOCNO>
	<LABLE>NONHOAX</LABLE>
	<URL>https://news.detik.com/berita-jawa-tengah/d-3662621/24-siswa-smp-di-banyumas-keracunan-makanan</URL>
	<AUTHOR>Arbi Anugrah</AUTHOR>
	<TITLE>24 Siswa SMP di Banyumas Keracunan Makanan</TITLE>
	<TEXT>Banyumas - Sebanyak 24 siswa SMP Negeri 3 Banyumas, Jawa Tengah mengalami keracunan makanan. Diduga puluhan siswa itu menjadi korban keracunan usai menyantap batagor di kantin sekolah.

Peristiwa itu terjadi seusai jam istirahat pertama sekolah. Saat istirahat tersebut, siswa membeli makanan di kantin sekolah.

"Seperti biasa, para siswa yang istirahat beramai-ramai pergi ke kantin untuk jajan. Salah satu kantin yang dikunjungi siswa adalah kantin batagor milik Sri Partini (51) ini," kata Kapolsek Banyumas AKP Samsuri kepada wartawan, Kamis (28/9/2017).

Menurut dia, semua korban mengalami gejala yang sama seperti rasa gatal pada tenggorokan, mual, hingga muntah usai menyantap batagor. Melihat kejadian tersebut, dua orang guru Imam Cahyana (57) dan Parliyah (38) langsung membawa semua siswa yang mengalami gejala serupa ke UKS.

Karena banyak siswa yang mengeluh sakit yang sama, pihak sekolah kemudian mencoba memberikan pertolongan pertama kepada siswa. Mereka diberi minum air kelapa muda. Setelah sedikit mereda, baru pihak sekolah membawa siswa yang menjadi korban ke Puskesmas Banyumas.

"Dari hasil pemeriksaan oleh dokter di puskesmas, para siswa yang diduga keracunan ini diizinkan pulang kembali ke sekolah, tidak ada yang perlu rawat inap," ujarnya.

Menurut dia, polisi telah mengamankan sejumlah barang bukti seperti dua botol kecap, satu toples sambal, dan satu bungkus batagor dalam kemasan plastik. Selain itu, pihaknya juga telah memeriksa sejumlah saksi termasuk Sri Partini, penjual batagor di sekolah.

Dari hasil keterangan Sri Partini, kudapan batagor yang dimakan siswa dibuat dari tepung terigu, ikan tongkol, garam, bumbu penyedap rasa, kecap dan sambal bumbu kacang yang ditambah talas serta bumbu tabur (cabe giling). 

"Hasil pemeriksaan dokter Puskesmas, diduga para siswa mengalami alergi makanan batagor yang di campur dengan talas sehingga tenggorokan terasa gatal," ujarnya.

Untuk memperkuat dugaan, pihaknya telah membawa sampel sisa batagor untuk diserahakan ke Puskesmas Banyumas dan dicek oleh BPOM Kabupaten Banyumas. </TEXT>
</DOC>