<DOC>
	<DOCNO>383</DOCNO>
	<LABLE>NONHOAX</LABLE>
	<URL>https://news.detik.com/berita-jawa-timur/d-3662477/tebing-ambrol-dua-pencari-batu-tewas</URL>
	<AUTHOR>Muhajir Arifin</AUTHOR>
	<TITLE>Tebing Ambrol, Dua Pencari Batu Tewas</TITLE>
	<TEXT>Pasuruan - Dua pencari batu tewas tertimbun longsor tebing setinggi 7 meter di Dusun Sekarjoho, Desa Sekarjoho, Prigen, Kabupaten Pasuruan. korban adalah Solihin (48) warga setempat dan Urip (47) warga Desa Jibru, Kecamatan Trawas, Kabupaten Mojokerto.

Informasi yang dihimpun detikcom, peristiwa terjadi sekitar pukul 09.00 WIB. Saat kejadian para korban tengah bekerja menggali batu dan memecahkannya. 

"Ada empat orang yang bekerja di sana. Dua orang sempat lari sedangkan dua lainnya tertimbun," kata Ruslan, salah seorang warga, Kamis (28/9/2017).

Mengetahui korban tertimbun, sejumlah warga langsung berusaha menolong. Dengan alat seadanya mereka menggali runtuhan batu dan tanah. 

Satu korban ditemukan tewas 30 menit kemudian sedangkan korban lainnya baru berhasil dievakuasi 3 jam berselang. 

Kedua korban langsung dimakamkan di desanya masing-masing. "Kami ikhlas. Kami anggap ini risiko pekerjaan," kata Supaat, keponakan Solihin, salah seorang korban.

Kepala BPBD Kabupaten Pasuruan Bakti Jati Permana mengatakan, di lokasi kejadian warga sering mengambil batu untuk keperluan membangun rumah.

"Memang di sana banyak warga yang ambil batu tebing untuk pondasi rumah. Di sana banyak tebing berbatu," terang Bakti. </TEXT>
</DOC>