<DOC>
	<DOCNO>384</DOCNO>
	<LABLE>NONHOAX</LABLE>
	<URL>https://news.detik.com/internasional/d-3662451/humvee-meledak-12-polisi-afghanistan-tewas</URL>
	<AUTHOR>Rita Uli Hutapea</AUTHOR>
	<TITLE>Humvee Meledak, 12 Polisi Afghanistan Tewas</TITLE>
	<TEXT>Kabul - Setidaknya 12 polisi Afghanistan tewas dalam serangan bom bunuh diri di provinsi Kandahar, Afghanistan selatan. Serangan itu dilakukan seorang pengendara Humvee yang bermuatan bahan peledak.

Kelompok militan Taliban mengklaim serangan mematikan di distrik Maroof yang berbatasan dengan Pakistan tersebut. Empat orang lainnya luka-luka dalam serangan bom itu.

"Dua belas orang pasukan keamanan tewas dan empat lainnya luka-luka," kata juru bicara Kandahar, Zia Durrani seperti dikutip kantor berita AFP, Kamis (28/9/2017).

Namun komandan kepolisian perbatasan di Maroof memberikan angka korban yang lebih besar. Menurutnya, 14 personel keamanan telah tewas dan delapan lainnya luka-luka dalam serangan bom yang terjadi pada Rabu (27/9) malam waktu setempat itu. Dalam insiden tersebut, kendaraan militer Humvee meledak saat menghantam markas kepolisian.

"Kuatnya ledakan menyebabkan kerusakan pada bangunan dan menimbulkan korban. Operasi pembersihan tengah berlangsung di area tersebut," tuturnya.

Insiden ini merupakan serangan mematikan terbaru oleh kelompok militan Taliban, yang telah gencar melancarkan serangan-serangan sejak pasukan tempur NATO yang dipimpin Amerika Serikat ditarik mundur pada tahun 2014 lalu. Kini Taliban menguasai sejumlah besar wilayah di Afghanistan.

Bahkan saat kunjungan Menteri Pertahanan AS Jim Mattis dan kepala NATO Jens Stoltenberg ke Kabul pada Rabu (27/9) waktu setempat, para militan meluncurkan serangkaian roket dekat bandara internasional di ibu kota Afghanistan itu.</TEXT>
</DOC>