<DOC>
	<DOCNO>386</DOCNO>
	<LABLE>NONHOAX</LABLE>
	<URL>https://health.detik.com/read/2017/10/02/090322/3666343/763/rajin-sauna-bisa-kurangi-risiko-darah-tinggi</URL>
	<AUTHOR>AN Uyung Pramudiarja</AUTHOR>
	<TITLE>Rajin Sauna Bisa Kurangi Risiko Darah Tinggi</TITLE>
	<TEXT>Jakarta, Risiko darah tinggi bisa dikurangi dengan banyak cara, salah satunya mengurangi asupan garam. Sebuah penelitian menyebut, sauna secara rutin juga bisa memberikan manfaat yang sama.

Menurut penelitian yang dipublikasikan di American Journal of Hypertension tersebut, para pria yang rajin sauna 4 kali dalam sepekan punya risiko 50 persen lebih rendah untuk mengalami hipertensi atau tekanan darah tinggi.

Menurunkan risiko hipertensi, berarti juga menurunkan risiko stroke dan serangan jantung. Manfaat yang sama juga bisa didapatkan dengan memperbaiki pola makan, terutama menghindari asupan garam berlebihan. Olahraga teratur juga dianjurkan untuk menghindari hipertensi.Dalam penelitian ini, para ilmuwan menyebut ada beberapa mekanisme yang membuat sauna bisa bermanfaat bagi darah. Salah satunya, sauna akan meningkatkan suhu tubuh sebesar 2 derajat celcius sehingga terjadi dilatasi atau pelebaran pembuluh darah.

Mekanisme lain yang membuat sauna bermanfaat adalah terjadinya peningkatan fungsi endothelial. Artinya, sauna berpengaruh pada lapisan pembuluh darah yang pada akhirnya mengurangi tekanan darah. Demikian dikutip dari Dailymail.</TEXT>
</DOC>