<DOC>
	<DOCNO>39</DOCNO>
	<LABLE>HOAX</LABLE>
	<URL>Instagram</URL>
	<AUTHOR></AUTHOR>
	<TITLE>tidak terima dipecat, yansen binti ungkap pembakaran sekolah perintah dari prabowo</TITLE>
	<TEXT>
	Tim Advokasi DPP Partai Gerindra melaporkan portal berita media online Tribungroup ‎ke Bareskrim Polri.

Pelaporan terkait adanya dugaan pemberitaan yang berisikan fitnah kepada Ketua Umum Partai Gerindra, Prabowo Subianto.

Adapun berita yang dilaporkan berjudul Tidak Terima Dipecat, Yansen Binti Ungkap Pembakaran Sekolah Perintah Prabowo. Sekretaris Umum Lembaga Advokasi Hukum Indonesia Raya DPP Gerindra, M. Said Bakhrie mengatakan, pelaporan dilayangkan lantaran berita tersebut bermuatan fitnah.
.
Pasalnya, berita tersebut jelas merupakan fitnah yang amat keji dan jelas tidak masuk akal, kata Said di Bareskrim Polri, Jakarta Pusat, Sabtu (9/9). ‎Menurutnya, Prabowo tidak pernah dan tidak akan mungkin memerintahkan Yansen Binti untuk membakar sekolah seperti yang diberitakan portal media tersebut.
.
Tidak pernah, tidak mungkin, dan tidak masuk akal ada perintah seperti itu, terang Said.

Ia menduga, portal pemberitaan online tersebut memang sengaja dibuat oleh oknum yang tidak bertanggung jawab untuk menyebarkan berita fitnah.

Pasalnya, sambung Said, isi konten dalam portal tersebut berisikan tulisan bermotifkan judi online.
	</TEXT>
</DOC>