<DOC>
	<DOCNO>390</DOCNO>
	<LABLE>NONHOAX</LABLE>
	<URL>http://www.viva.co.id/berita/nasional/961497-muncul-retakan-80-meter-di-kawah-gunung-agung</URL>
	<AUTHOR>Tim VIVA</AUTHOR>
	<TITLE>Muncul Retakan 80 Meter di Kawah Gunung Agung</TITLE>
	<TEXT>VIVA.co.id - Kepala Sub Bidang Mitigasi Gunung Api Wilayah Timur Pusat Vulkanologi dan Mitigasi Bencana Geologi (PVMBG), Devy Kamil menjelaskan, terjadi perubahan cukup signifikan pada Gunung Agung.

"Dari satelit kami sudah melihat perubahan energi termal, luas area panas. Jadi, dari situ sudah kami lihat ada perubahan signifikan sejak September 2017, sejalan dengan seismik yang dialami," ungkap Devy di Pos Pantau Gunung Agung, Desa Rendang, Kecamatan Rendang, Kamis 28 September 2017.Saat mendeteksi kegempaan, Devy mengaku PVMBG menunggu hingga dua bulan lamanya. Selama dua bulan itu, dilakukan penelitian apakah kegempaan itu bersumber dari pergerakan magma atau faktor lainnya.A

"Setelah kami tunggu dua bulan, akhirnya September pertengahan ini bukan sinyal biasa, ada tingkat magma serius. Lalu, dari satelit ada titik panas di tengah kawah Gunung Agung," jelasnya.

Pengamatan lantas dilanjutkan menggunakan citra satelit khusus, baik foto udara maupun termal. A"Setelah melihat kegempaan naik terus, maka kami naikan statusnya hingga 22 September 2017 pukul 20.30 WITA menjadi awas," tuturnya.

Dari amatan citra satelit khusus itu juga terpantau, jika di sisi timur laut ada citra panas. Bahkan, kata dia, di tengah kawah sudah muncul retakan baru.

"Ukurannya diperkirakan 60-80 meter. Untuk titik panasnya sekira 120 meter persegi. AIni kan indikasi magma di bawah Gunung Agung makin kuat," ujarnya.</TEXT>
</DOC>