<DOC>
	<DOCNO>391</DOCNO>
	<LABLE>NONHOAX</LABLE>
	<URL>http://bisnis.liputan6.com/read/3114471/pelumas-produksi-pertamina-tembus-pasar-mesir</URL>
	<AUTHOR>Zulfi Suhendra</AUTHOR>
	<TITLE>Pelumas Produksi Pertamina Tembus Pasar Mesir</TITLE>
	<TEXT>Liputan6.com, Jakarta PT Pertamina Lubricants, anak perusahaan PT Pertamina (Persero) yang mengelola bisnis pelumas secara domestik dan internasional, melakukan ekspansi bisnis ke pasar Timur Tengah. Diwakili Manager Grease and Specialty Products, Eko Budiarso, dan Sales Area Manager V Retail Surabaya, Wahyudi Kurniawan, dengan didampingi oleh Atase Perdagangan KBRI Cairo, Burman Rahman menyepakati transaksi kontrak penjualan pelumas dengan perusahaan Mesir, Ashrafco, pada hari Jumat (28/9/2017), di Kairo.

Eko Budiarso menyatakan, penjualan pelumas Pertamina ini sebagai trial order satu kontainer 20 feet dengan nilai sebesar US$ 56.695 atau senilai Rp 737 juta.Dalam keterangan resmi yang diterima, Senin (2/10/2017), Direktur Utama Ashrafco, Dr Khaleed Hammad menambahkan, kontrak ini merupakan awal yang baik bagi hubungan Ashrafco dengan PT Pertamina Lubricants. Khaled meyakini pelumas produksi Pertamina berkualitas tinggi dan dapat bersaing dengan produk serupa di pasar Mesir.

Sementara itu, Duta Besar Republik Indonesia untuk Mesir, Helmy Fauzy, menerangkan PT Pertamina Lubricants telah gigih menjajaki peluang pengembangan pasar pelumas karya anak bangsa di Mesir.

Saya berharap transaksi satu kontainer ini, yang pengirimannya akan dilakukan pada Oktober 2017, dapat menjadi kerja sama yang berkelanjutan dan dilanjutkan dengan order yang lebih besar lagi pada masa-masa mendatang, katanya.

Sebelumnya pada Juni 2017, delegasi PT Pertamina Lubricants yang dipimpin oleh Direktur Sales dan Marketing PT Pertamina Lubricants, Andria Nusa, telah mengawali penjajakan pasar pelumas Pertamina ini dengan melakukan beberapa pertemuan bisnis dengan enam perusahaan Mesir, baik yang telah mengimpor produk perlengkapan otomotif Indonesia seperti ban dan velg mobil Indonesia, maupun dengan partner potensial Mesir lainnya.

"Kini Pertamina Lubricants dan Ashrafco telah memulai kesepakatan kerja sama bisnis pelumas ini. Ashrafco memiliki reputasi baik, selain sebagai peraih Primaduta Award 2016 atas loyalitasnya dalam membeli produk dari Indonesia dan juga sebagai agen tunggal untuk pelek PT Prima Alloy sejak tahun 1999, agen tunggal pelek PT Bangun Sarana Alloy sejak tahun 2004 dan agen tunggal ban kendaraan PT Elang Perdana sejak 2005," kata Atase Perdagangan, Burman Rahman, menambahkan.

Dengan populasi penduduk mencapai 93,62 juta orang (Capmas September 2017), Mesir merupakan pasar yang cukup potensial bagi produsen pelumas. Hingga saat ini, terdapat lebih dari 10 produk pelumas, baik lokal maupun internasional, yang mendominasi pasar Mesir. Meski demikian, PT Pertamina Lubricants menyatakan keyakinannya bahwa produk pelumas produk Pertamina mampu bersaing dengan produk lain di pasar Mesir.</TEXT>
</DOC>