<DOC>
	<DOCNO>394</DOCNO>
	<LABLE>NONHOAX</LABLE>
	<URL>http://www.viva.co.id/berita/nasional/961510-begini-skema-evakuasi-5-ribu-penumpang-bandara-ngurah-rai</URL>
	<AUTHOR>Tim VIVA</AUTHOR>
	<TITLE>Begini Skema Evakuasi 5 Ribu Penumpang Bandara Ngurah Rai</TITLE>
	<TEXT>VIVA.co.id - Kementerian Perhubungan telah menyiapkan skema evakuasi bagi 5.000 penumpang pesawat udara yang terdampak, apabila Bandara I Gusti Ngurah Rai Bali dinyatakan ditutup akibat penyebaran debu vulkanik Gunung Agung.

Diperkirakan dari 5.000 penumpang, 70 persen akan ke luar dari Bali, dan sisanya merupakan penumpang yang berasal dari Bali. 

10 Bandara telah disiapkan untuk mengantisipasi erupsi Gunung Agung, yaitu di Jakarta, Makassar, Surabaya, Balikpapan, Solo, Ambon, Manado, Lombok Praya, Kupang dan Banyuwangi.

"Kesepuluh bandara yang disiapkan adalah untuk alternatif pendaratan (divert) terhadap pesawat yang sudah terbang menuju Bali," kata Menteri Perhubungan Budi Karya Sumadi saat mengunjungi pos pengungsian di GOR Swecapura Kabupaten Klungkung, Kamis 28 September 2017.

Ia melanjutkan, pihak bandara dan moda transportasi angkutan darat serta penyeberangan telah berkoordinasi dengan unit-unit pengelola, untuk mempersiapkan alternatif transportasi dalam rangka penanganan erupsi Gunung Agung. 

Kemenhub telah menyiapkan 100 bus untuk mobilisasi penumpang ke luar Bali melalui Banyuwangi, Surabaya dan Praya. Untuk penanganan penumpang selanjutnya setelah tiba di Surabaya, Banyuwangi dan Praya, diserahkan kepada masing-masing maskapai penerbangan," katanya.</TEXT>
</DOC>