<DOC>
	<DOCNO>415</DOCNO>
	<LABLE>NONHOAX</LABLE>
	<URL>http://sains.kompas.com/read/2017/10/07/190500523/hati-hati-konsumsi-suplemen-bisa-berujung-pada-katarak</URL>
	<AUTHOR>SHIERINE WANGSA WIBAWA</AUTHOR>
	<TITLE>Hati-hati, Konsumsi Suplemen Bisa Berujung pada Katarak</TITLE>
	<TEXT>
	KOMPAS.com -- Di Indonesia, penyebab kebutaan nomor satu adalah katarak, disusul oleh kelainan refraksi dan glaukoma. Hal ini diungkapkan oleh dr Rita Polana, SpM dalam acara diskusi kesehatan mata yang digelar oleh RS Pondok Indah Group di Jakarta, Jumat (6/10/2017).

Untuk DKI Jakarta saja, statistik menunjukkan bahwa 50 persen dari masyarakat telah terkena katarak pada usia 50 tahun-an, ujar Rita.

Katarak, menurut dr Iwan Soebijantoro, SpM seperti yang dikutip oleh Kompas.com 9 September 2017, sebetulnya tidak dapat dicegah atau diperlambat karena merupakan proses degeneratif.

(Baca juga: Mau Tidak Mau, Semua Orang Pasti Akan Terkena Katarak)

Akan tetapi, Rita melihat bahwa kebanyakan kasus katarak dini di DKI Jakarta terjadi karena komplikasi obat, seperti suplemen dan obat-obat tulang, yang mengandung steroid.

Ada beberapa suplemen yang mengandung steroid. Itu bisa bikin katarak dan tekanan bola mata meningkat yang berujung pada glaukoma, ujarnya.

Oleh karena itu, dia pun menyarankan untuk tidak mengonsumsi suplemen lebih dari tiga bulan. Tiga bulan itu sudah berdampak, tapi metabolisme orang itu beda-beda ya, katanya.

Daripada mengonsumsi suplemen, Rita lebih merekomendasikan mengonsumsi vitamin dan mineral yang dibutuhkan oleh tubuh secara langsung dari makanan.

(Baca juga: Ibu Bijak Harus Tahu, Inilah Gejala Katarak pada Anak)

Kalau pasien sudah berusia 40 tahun atau lebih, kurangi karbohidrat dan perbanyak buah. Sebab, di usia tersebut, hormon pertumbuhan sudah menurun. Yang mati selnya 60 persen, yang diganti cuma 40 persen. Sayur dan buah itu mengandung vitamin yang dibutuhkan untuk mengganti sel, katanya.

Selain itu, Rita juga berpesan untuk menggunakan topi dan kacamata hitam yang dapat menangkal sinar ultraviolet ketika berada di luar ruangan di atas pukul 10.00.

Jika Anda sudah menginjak usia 50 tahun, mulailah untuk memeriksakan mata ke dokter spesialis mata, terutama ketika gejala-gejala katarak mulai terlihat. Gejala-gejala tersebut, termasuk pandangan menjadi buram atau sinar terlihat pecah ketika malam sehingga sulit fokus.
	</TEXT>
</DOC>