<DOC>
	<DOCNO>42</DOCNO>
	<LABLE>HOAX</LABLE>
	<URL>http://www.tribunnews.com/internasional/2015/10/29/marlboro-m-rokok-ganja-terbaru-harga-rp-12-juta-per-bungkus</URL>
	<AUTHOR></AUTHOR>
	<TITLE>'Marlboro M', Rokok Ganja Terbaru Harga Rp 1,2 Juta Per Bungkus Ternyata Kabar Hoax</TITLE>
	<TEXT>
	TRIBUNNEWS.COM, AS - Produsen rokok Marlboro dikabarkan akan mengeluarkan produk rokok terbaru, yaitu rokok ganja, yang akan mulai diperjualbelikan bulan depan.

	Dikutip dari now8news.com, produk rokok ganja tersebut dikatakan akan mulai dipasarkan di bawah merek "Marlboro M", pada awal November 2015 mendatang.

	Mengumumkan pada Senin (26/10/2015), perusahaan rokok terbesar di dunia itu mengatakan bahwa rokok ganja Marlboro nantinya ditujukan untuk memenuhi kebutuhan rekreasi penggunanya.

	Atas ide penjualan rokok ganja itu, Senior Vice President Philip Morris Marlboro, Serafin Norcik, menyebutkan bahwa perusahaannya sudah memonitor pasar.

	"Perusahaan kami sudah yakin akan ide pemasaran (rokok) ganja dan telah memantau pasar dalam beberapa waktu ini," ucap Serafin, dilansir now8news.com.

	Sedangkan, penjualan produk "Marlboro M" itu disebutkan akan dimulai di AS, terlebih daerah yang sudah melegalkan penggunaan ganja untuk kebutuhan rekreasi.

	"Kami akhirnya memutuskan untuk mendukung daerah-daerah tersebut yang telah melegalkan penggunaan ganja untuk kebutuhan rekreasi," sebut dia lagi.

	Namun, ada beberapa aturan tertentu untuk membeli produk rokok ganja itu, sesuai hukum yang berlaku, di antaranya hanya boleh membeli satu bungkus dalam satu kali pembelian, serta pembeli harus berusia 21 tahun ke atas.

	Satu bungkus "Marlboro M" dapat dibeli seharga 89 dolar AS, alias Rp 1,2 juta.
	</TEXT>
</DOC>