<DOC>
	<DOCNO>435</DOCNO>
	<LABLE>NONHOAX</LABLE>
	<URL>http://regional.liputan6.com/read/3123408/cara-polisi-karangasem-tangkal-warga-nekat-mendaki-gunung-agung</URL>
	<AUTHOR>Dian Kurniawan</AUTHOR>
	<TITLE>Cara Polisi Karangasem Tangkal Warga Nekat Mendaki Gunung Agung</TITLE>
	<TEXT>Liputan6.com, Karangasem - Beberapa warga nekat naik ke puncak Gunung Agung, meski statusnya Awas. Tak hanya warga lokal, wisatawan asing pun nekat naik ke puncak gunung setinggi 3.031 meter di atas permukaan laut (mdpl) tersebut.

Lantaran itulah, Polres Karangasem bersama instansi terkait membangun 21 pos jaga di setiap titik pendakian untuk mencegah warga kembali naik ke puncak gunung yang terletak di Kabupaten Karangasem itu.

"Personel kami sudah berjaga di titik-titik yang telah ditentukan," ucap Kapolres Karangasem, AKBP I Wayan Gede Ardana, Selasa (10/10/2017).?Pos jaga itu dibangun di luar Kawasan Rawan Bencana I (KRB I)? dengan radius 12 kilometer dari puncak kawah Gunung Agung. Apalagi, hingga kini, Pusat Vulkanologi dan Mitigasi Bencana (PVMBG) menginformasikan potensi Gunung Agung meletus masih tetap tinggi ketimbang tidak meletus.

"Untuk itu, kami berinisiatif membangun pos jaga agar warga tak ada yang nekat mendaki," tuturnya.

Warga pun kembali diingatkan tidak beraktivitas di zona bahaya Gunung Agung. "Tentu ini demi keselamatan mereka agar  tak ada korban jiwa jika Gunung Agung meletus," katanya.</TEXT>
</DOC>