<DOC>
	<DOCNO>44</DOCNO>
	<LABLE>HOAX</LABLE>
	<URL>Broadcast Message</URL>
	<AUTHOR></AUTHOR>
	<TITLE>WhatsApp hingga Facebook Bakal Dipantau</TITLE>
	<TEXT>
	Mulai besok dan seterusnya ada peraturan komunikasi baru.

	Semua panggilan dicatat

	Semua rekaman panggilan telepon tersimpan

	WhatsApp dipantau

	Twitter dipantau

	Facebook dipantau

	Semua media sosial dan forum dimonitor

	Informasikan kepada mereka yang tidak tahu.

	Perangkat Anda terhubung ke sistem pelayanan.

	Berhati-hatilah untuk tidak mengirimkan pesan yang tidak perlu

	Beritahu anak-anak Anda, Kerabat dan teman tentang ini untuk diurus

	Jangan teruskan tulisan atau video dll, Anda akan menerima mengenai situasi politik / sekarang tentang Pemerintahan / PM, dll.

	Polisi telah mengeluarkan pemberitahuan yang disebut .. Kejahatan Cargo ... dan tindakan akan dilakukan ... hapus saja ...

	Menginformasikan teman anda dan orang lain juga.

	Menulis atau meneruskan pesan apapun pada setiap perdebatan politik dan agama sekarang merupakan pelanggaran ... penangkapan tanpa surat perintah ...

	Ini sangat serius, plz biarkan diketahui semua kelompok dan anggota individu kami sebagai grup admin bisa dalam masalah besar.


	Berhati-hatilah untuk tidak mengirimkan pesan yang tidak perlu.
	Beritahu semua orang tentang ini untuk berhati-hati.

	Tolong bagikan; Itu sangat benar Grup admin mohon berhati-hati.... 
	</TEXT>
</DOC>