<DOC>
	<DOCNO>442</DOCNO>
	<LABLE>NONHOAX</LABLE>
	<URL>http://bisnis.liputan6.com/read/3124131/uji-tuntas-perhitungan-harga-saham-freeport-pada-pekan-ini</URL>
	<AUTHOR>Fiki Ariyanti</AUTHOR>
	<TITLE>Uji Tuntas Perhitungan Harga Saham Freeport pada Pekan Ini</TITLE>
	<TEXT>Liputan6.com, Jakarta - Pemerintah terus memikirkan upaya mengambilalih 51 persen saham PT Freeport Indonesia. Due diligence atau uji tuntas valuasi harga saham perusahaan tambang asal Amerika Serikat (AS) itu akan berlangsung pada pekan ini.

Deputi Bidang Usaha Pertambangan, Industri Strategis dan Media Kementerian Badan Usaha Milik Negara (BUMN), Fajar Harry Sampurno mengaku pemerintah telah membentuk tim valuasi."Sudah dibentuk tim valuasinya, tapi valuasi harus bersama Freeport. Yang jelas Menteri BUMN sudah kirim surat ke Freeport untuk mengajak valuasi bersama," ujar Fajar di Gedung DPR, Jakarta, Selasa (10/10/2017).

Saat dikonfirmasi mengenai valuasi harga 51 persen saham Freeport Indonesia yang diperkirakan US$ 4 miliar, Fajar mengaku pemerintah belum menghitungnya. Proyeksi harga sekitar US$ 4 miliar tersebut merupakan perhitungan dari Menteri Energi dan Sumber Daya Mineral (ESDM), Ignasius Jonan. "Kita belum valuasi kok," kata Fajar.

Dia mengatakan, proses due diligence atau uji tuntas valuasi harga saham Freeport Indonesia ditargetkan berjalan pada pekan ini. "Due diligence-nya minggu ini," Fajar mengungkapkan.</TEXT>
</DOC>