<DOC>
	<DOCNO>45</DOCNO>
	<LABLE>HOAX</LABLE>
	<URL>Broadcast Message</URL>
	<AUTHOR></AUTHOR>
	<TITLE>Sikat Gigi Haram</TITLE>
	<TEXT>
	Ayoo cek sikat giginya, bila ada tulisan Bristle pada kemasan, maka berarti sikat gigi tersebut mengandung bulu BABI.
	Bristle berarti Pig Hair alias Bulu Babi! Jadi periksa kembali kemasan sikat gigi anda saat membeli.
	Demikian juga pada kuas pengoles roti, biasasnya tertulis bristle, pure bristle, 100% china bristle.
	bagikan info ini pada keluarga dan teman di group agar lebih banyak orang membacanya sehingga terhindar dari produk yang tidak halal.
	</TEXT>
</DOC>