<DOC>
	<DOCNO>451</DOCNO>
	<LABLE>NONHOAX</LABLE>
	<URL>http://news.liputan6.com/read/3124404/belasan-anggota-sabhara-grobogan-dihukum-push-up-kenapa</URL>
	<AUTHOR>Arnaz Sofian</AUTHOR>
	<TITLE>Belasan Anggota Sabhara Grobogan Dihukum Push Up, Kenapa?</TITLE>
	<TEXT>Liputan6.com, Grobogan - Usai apel pagi, secara mendadak Kasat Sabhara Polres Grobogan AKP Lamsir merazia kerapian seluruh anggotanya. Seluruh anggota Sabhara tidak diperkenankan beranjak dari tempat apel.

Seperti ditayangkan Liputan6 Pagi SCTV, Rabu (11/10/2017), dalam pemeriksaan tersebut tujuh anggota dinyatakan tidak rapi karena berambut panjang. Sementara lima anggota lainnya tak menyemir sepatu.Sebagai penegak hukum dan pelayan masyarakat, polisi juga dituntut untuk disiplin dan tertib, termasuk berpenampilan rapi. Dari kedisiplinan berpenampilan rapi diharapkan para anggota kepolisian bisa memberikan pelayanan terbaik kepada masyarakat.</TEXT>
</DOC>