<DOC>
	<DOCNO>453</DOCNO>
	<LABLE>NONHOAX</LABLE>
	<URL>http://news.liputan6.com/read/3124395/anggota-tni-ini-protes-saat-mobilnya-hendak-diderek-dishub</URL>
	<AUTHOR>Arnaz Sofian</AUTHOR>
	<TITLE>Anggota TNI Ini Protes saat Mobilnya Hendak Diderek Dishub</TITLE>
	<TEXT>Liputan6.com, Jakarta - Seorang anggota TNI Angkatan Udara (AU) protes saat petugas gabungan Dinas Perhubungan (Dishub) dan Satpol PP hendak menderek mobilnya.

Namun, petugas bergeming karena kendaraan yang terjaring razia di Jalan Raya Lubang Buaya, Cipayung, Jakarta Timur itu, kedapatan parkir di atas trotoar.Seperti ditayangkan Liputan6 Pagi SCTV, Rabu (11/10/2017), kendaraan anggota TNI AU dan sejumlah kendaraan lain yang parkir sembarangan akhirnya tetap dibawa ke Kantor Sudin Perhubungan Jakarta Timur.

Selain kendaraan, petugas juga merazia sejumlah lapak dan gerobak pedagang yang masih nekat berjualan di atas trotoar. Razia ini digelar menyikapi Bulan Tertib Trotoar.</TEXT>
</DOC>