<DOC>
	<DOCNO>459</DOCNO>
	<LABLE>NONHOAX</LABLE>
	<URL>http://lifestyle.kompas.com/read/2017/09/29/160000920/manfaat-menambahkan-garam-ke-gelas-kopi-</URL>
	<AUTHOR>LUSIA KUS ANNA</AUTHOR>
	<TITLE>Manfaat Menambahkan Garam ke Gelas Kopi</TITLE>
	<TEXT>
	KOMPAS.com - Para peminum kopi memang orang-orang kreatif. Selalu ada hal baru yang mereka temukan untuk meningkatkan level kenikmatan kopi, termasuk dengan menambahkan garam.

Menambahkan sejumput garam ke dalam kopi memang sempat menjadi tren beberapa waktu terakhir. Para penikmat kopi mengklaim garam mampu meningkatkan cita rasa kopi itu sendiri.

Sains juga membuktikan bahwa menambahkan garam mampu menetralisir rasa pahit kopi. Ini karena ion natrium dapat menekan rasa pahit dan meningkatkan cita rasa.

Cara yang sama sebelumnya sudah dilakukan oleh penggemar wine. Para ahli menyebut bahwa sedikit tambahan garam akan menghaluskan dan menyeimbangkan rasa wine murah.

Chief Technology Officer Microsoft Nathan Myhrvold juga melakuakn trik ini. Secara tidak sengaja ia memasukkan sejumput kecil garam ke dalam gelas tamunya dalam sebuah jamuan makan malam. Ternyata, rasa wine itu menjadi lebih enak.

Walau begitu, diperlukan takaran garam sedikit saja. Terlalu banyak justru akan merusak citarasa.
	</TEXT>
</DOC>