<DOC>
	<DOCNO>46</DOCNO>
	<LABLE>HOAX</LABLE>
	<URL>Broadcast Message</URL>
	<AUTHOR></AUTHOR>
	<TITLE>Whatsapp akan berbayar</TITLE>
	<TEXT>
	Mulai hari senin besok whatsapp akan dikenakan bayaran karena sekarang whatsapp sudah diakusisi oleh facebook.
	Jadi kalau anda punya kontak sekurangnya 10 orang, maka kirimlah mereka pesan ini. Dengan begitu kita akan melihat bahwa anda adalah pengguna yang sangat membutuhkan whatsapp ini, dan kemudian logo anda akan menjadi biru dan akan tetap gratis.
	Seperti berita yang dimuat dalam koran hari ini. Whatsapp akan dikenakan biaya per pesan message, kirimlah pesan ini ke 10 orang.
	Apabila anda mengirim pesan tersebut maka warna logo anda akan menjadi biru, kalau tidak setiap penggunaan whatsapp akan dikenakan biaya.
	</TEXT>
</DOC>