<DOC>
	<DOCNO>476</DOCNO>
	<LABLE>NONHOAX</LABLE>
	<URL>http://edukasi.kompas.com/read/2017/05/22/11510221/binus.raih.best.companies.to.work.for.in.asia.</URL>
	<AUTHOR></AUTHOR>
	<TITLE>Binus Raih "Best Companies to Work for in Asia"</TITLE>
	<TEXT>
	JAKARTA, KOMPAS.com - Universitas Bina Nusantara (Binus University) dinobatkan sebagai salah satu 'Best Companies to Work for in Asia 2017' pada HR Asia Award tahun ini. Penghargaan diterima langsung oleh CEO Binus, Bernard Gunawan, Jumat (19/5/2017).

"Di era maju sekarang ini talenta individu dalam bekerja menjadi komoditi paling berharga. Karena itu, adalah hal vital bagi perusahaan untuk tidak hanya terlihat sebagai perusahaan yang maju, tapi juga harus mampu menjadi industri terbaik," kata Bernard kepada Kompas.com, Senin (22/5/2017).

Bernard mengatakan, dengan peningkatan standar ekspektasi dan kinerja setiap tahunnya di seluruh wilayah, bukan hal mengherankan jika banyak perusahaan semakin giat berusaha menaikkan standar kinerjanya.

"Secara otomatis upaya-upaya itu mampu menciptakan situasi kerja yang lebih bermutu dan mendorong keterlibatan yang lebih besar dari para pekerjanya," tambah Bernard.

Adapun HR Asia merupakan wadah publikasi di Asia untuk para senior HR. Pada "HR Asia Best Companies to Work for in Asia" tahun ini terpilih perusahaan terbaik dan para praktisi terbaik dengan setiap elemen pekerjanya yang dinilai unggul dan istimewa dari yang lainnya.
	</TEXT>
</DOC>