<DOC>
	<DOCNO>478</DOCNO>
	<LABLE>NONHOAX</LABLE>
	<URL>http://edukasi.kompas.com/read/2017/05/09/21214621/dua.siswa.indonesia.raih.medali.di.rusia</URL>
	<AUTHOR></AUTHOR>
	<TITLE>Dua Siswa Indonesia Raih Medali di Rusia</TITLE>
	<TEXT>
	JAKARTA, KOMPAS - Dua siswa Indonesia masing-masing meraih medali emas dan perak serta lima siswa lainnya menerima sebutan kehormatan dalam Olimpiade Fisika Se-Asia. Hal ini menunjukkan potensi sains generasi muda Indonesia yang besar dan harus digali untuk kemajuan bangsa.

Olimpiade Fisika Se-Asia (APHO) yang ke-18 ini diadakan di kota Yakutsk, Rusia, pada 1-9 Mei. Institut Fisika dan Teknologi Moskwa, salah satu perguruan tinggi ternama di Rusia, menjadi penyelenggaranya. Ajang ini diikuti oleh 23 negara.

Peraih medali emas adalah Gerry Windiarto Mohamad Dunda dari SMA MH Thamrin Jakarta. Medali perak diraih oleh Ferris Prima Nugraha dari SMAK Penabur Gading Serpong.

Adapun penerima sebutan kehormatan adalah Faizal husmi (SMA Kharisma Bangsa Tangerang Selatan), Andrew Wijaya (SMA St Angela Bandung), Johanes Suhardjo (SMAK Frateran Surabaya), Bonfilio Nainggolan (SMAN 8 Jakarta), dan Irfan Zaky Harlen (SMAN 8 Jakarta).

Sekretaris Jenderal APHO Hendra Kwee yang dihubungi dari Jakarta, Senin (8/5), mengatakan, generasi muda Indonesia memiliki potensi sains yang besar. Permasalahannya, mempelajari sains pada tahapan tertentu membutuhkan sarana dan prasarana pendidikan lengkap. "Akibatnya, siswa-siswa yang menonjol adalah mereka dari kota-kota besar," kata Koordinator Tim Olimpiade Fisika Indonesia ini.

(Baca juga: Juara Olimpiade Fisika Terharu Prestasinya Diapresiasi Jokowi)

Karena itu, katanya, butuh kerja sama pemerintah pusat, daerah, swasta, dan lembaga swadaya masyarakat dalam memastikan pemerataan pendidikan. Tanpa ada pemerataan yang baik, pendidikan bermutu hanya bisa dinikmati sebagian anak Indonesia.

Di Jawa Timur, Rizieq Muhammad Minsuisnaen Maulidi dan Rizky Ramadani Putra, siswa SMP Muhammadiyah 12 Gresik Kota Baru, Kabupaten Gresik, memenangi kontes robot pada ajang Olimpiade Al Quran, Seni, dan Teknologi (OLYQ) ke-3 di Bandung, Jawa Barat, pada 26-27 April lalu. Mereka meraih medali emas, mengalahkan kontestan dari Malaysia, Singapura, dan Thailand. Siswa lainnya, Ahmad Khosyi, siap berkompetisi pada Olimpiade Matematika tingkat internasional di Tiongkok, 20 Mei mendatang.

Sementara itu, sekitar 15.000 siswa SMA tengah berlaga mengikuti Olimpiade Sains tingkat provinsi yang berlangsung pada 8-10 Mei di provinsi masing-masing. Selanjutnya, peserta yang menang akan berlomba di Olimpiade Sains Nasional 2017 di Pekanbaru, Riau, pada 2-8 Juli. (dne/aci)
	</TEXT>
</DOC>