<DOC>
	<DOCNO>48</DOCNO>
	<LABLE>HOAX</LABLE>
	<URL>https://m.facebook.com/story.php?story_fbid=10208729132081868danid=1118875887</URL>
	<AUTHOR>Dini Mariani</AUTHOR>
	<TITLE>HANDPHONE DAN API</TITLE>
	<TEXT>Pagi ini kabar duka dari tetangga yang barusan meninggal dunia Ketika takziyah, tangan saya dipegang oleh kakak dari almarhumah dan bener -bener ingetin saya buat menjauhkan hp dari kompor ketika sedang memasak
Jadi ceritanya pas masakan hampir gosong, almarhumah lari mematikan kompor dengan posisi sebelah kiri memegang hp yang menyala ( telepon ) dan seketika terjadi ledakan hingga tutup pintu macet tidak bisa dibuka dan atap meledak ke atas
Please be carefull ya mom 
Radiasi telepon sangat tinggi hingga sanggup memantik api 
Jauhkan dari kompor apalagi pas bawa anak 
Kita tidak pernah tau bagaimana ajal kita menjemput, tapi berusaha berhati-hati itu perlu kan mom :(</TEXT>
</DOC>