<DOC>
	<DOCNO>481</DOCNO>
	<LABLE>NONHOAX</LABLE>
	<URL>http://edukasi.kompas.com/read/2017/04/26/11371831/jumlah.pendaftar.snmptn.2017.menurun.ada.apa.</URL>
	<AUTHOR>ANINGTIAS JATMIKA</AUTHOR>
	<TITLE>Jumlah Pendaftar SNMPTN 2017 Menurun, Ada Apa?</TITLE>
	<TEXT>
	Hasil Seleksi Nasional Penerimaan Mahasiswa Perguruan Tinggi Negeri ( SNMPTN) 2017 akan diumumkan pada Rabu, 26 April 2017 pukul 14.00 WIB. Namun, sebelum resmi diumumkan, Ketua Panitia Pusat SNMPTN 2017 Ravik Karsidi menyatakan adanya penurunan peserta. 

"Jumlah pendaftar SNMPTN 2017 berjumlah 517.418 siswa," ujar Ravik dalam konferensi pers di Kementerian Riset dan Teknologi Jakarta, pada Rabu, 26 April 2017.

Angka ini menurun dibandingkan tahun-tahun sebelumnya. Pada 2016, jumlah pendaftar SNMPTN mencapai 645.202 siswa. Sementara pada 2015 peserta mencapai 852.093 siswa.

Ravik menuturkan, penurunan ini terjadi karena adanya pengkategorian berdasarkan akreditasi sekolah.

Hasil SNMPTN 2017 dapat dicek melalui halaman Liputan Khusus SNMPTN 2017 di Kompas.com.Peserta dapat mengklik tautan Liputan Khusus Kompas.com di atas atau langsung mengetikkan alamat lipsus.kompas.com/snmptn2017 di browser untuk mengakses halaman tersebut.
	</TEXT>
</DOC>