<DOC>
	<DOCNO>483</DOCNO>
	<LABLE>NONHOAX</LABLE>
	<URL>http://otomotif.kompas.com/read/2017/10/11/100200315/bmw-indonesia-tawarkan-mobil-ke-kementerian</URL>
	<AUTHOR>ADITYA MAULANA</AUTHOR>
	<TITLE>BMW Indonesia Tawarkan Mobil ke Kementerian</TITLE>
	<TEXT>
	Jakarta, KompasOtomotif - BMW Group Indonesia mulai serius menggarap pasar korporat dan pemerintahan. Selain diplomatik dan organisasi internasional, sekarang ini sedang melakukan pendekatan dengan beberapa kementerian untuk menyediakan kendaraan operasional.

Bahkan diakui Jodie O'tania, Vice President Corporate Communications BMW Group Indonesia, ada beberapa kementerian, serta organisasi yang sudah siap menggunakan BMW.

"Tetapi datanya masih belum bisa kita informasikan, saya juga sedang tidak ada datanya" ucap Jodie di Jakarta, Selasa (10/10/2017).

Bukan hanya itu, BMW juga memiliki program khusus yang disiapkan untuk pemerintah Indonesia. Salah satunya, penawaran khusus sepanjang Oktober 2017 ini, yaitu memberikan harga spesial X1 xDrive20i, 320i Sedan, dan 530i Luxury Line.

Baca juga: BMW Indonesia Siapkan 10 Model Baru Tahun Depan

Contoh lain, penawaran buat para kedutaan besar, mencakup layanan purna jual dan servis. Paket yang disediakan, yaitu BMW Repair Inclusive dan BMW Service Inclusive.

Program itu membebaskan seluruh biaya perawatan kendaraan untuk pelanggan selama lima tahun atau 60.000, hingga garansi 36 bulan tanpa batasan jarak tempuh.
	</TEXT>
</DOC>