<DOC>
	<DOCNO>484</DOCNO>
	<LABLE>NONHOAX</LABLE>
	<URL>http://otomotif.kompas.com/read/2017/10/10/164200615/skuter-hidrogen-karya-indonesia-siap-dipamerkan</URL>
	<AUTHOR>FEBRI ARDANI SARAGIH</AUTHOR>
	<TITLE>Skuter Hidrogen Karya Indonesia Siap Dipamerkan</TITLE>
	<TEXT>
	Jakarta, KompasOtomotif - Lagi-lagi Lembaga Ilmu Pengetahuan Indonesia (LIPI) bikin bangga. Rencananya, karya terbaru LIPI, skuter hidrogen buatan anak negeri, bakal dipamerkan di Indonesia Science Expo (ISE), 23 - 26 Oktober 2017.

Dari penjelasan singkat yang diungkap LIPI lewat video yang diunggah di twitter dikatakan skuter itu berteknologi konversi bio-hidrogen. Tidak ada keterangan lebih detail, video hanya diakhiri ajakan mengunjungi ISE.

Humas Ahli-LIPI Purwadi yang KompasOtomotif hubungi Selasa (10/10/2017), juga memilih tidak membicarakan banyak tentang skuter hidrogen itu. Kata Purwadi biar jadi kejutan nanti saat acara.

Teknologi hidrogen yang diciptakan untuk kendaraan merupakan hal baru dari hasil riset LIPI yang muncul ke publik. Di dunia otomotif global kita mengenal Toyota Mirai sebagai mobil berteknologi fuel cell yang mengubah hydrogen dan oksigen menjadi air. Prose perubahan itu menghasilkan listrik buat menggerakan roda. 
	</TEXT>
</DOC>