<DOC>
	<DOCNO>485</DOCNO>
	<LABLE>NONHOAX</LABLE>
	<URL>http://otomotif.kompas.com/read/2017/10/10/070200515/transaksi-non-tunai-tol-sudah-75-persen</URL>
	<AUTHOR>STANLY RAVEL</AUTHOR>
	<TITLE>Transaksi Non Tunai Tol Sudah 75 Persen</TITLE>
	<TEXT>
	Jakarta, KompasOtomotif - Pemberlakuan transaksi non tunai pada semua pintu tol tinggal menghitung hari. Mulai 31 Oktober 2017, PT Jasa Marga Persero Tbk, tidak menerima pembayaran tunai.

Lantas sudah sejauh mana penerapannya hingga saat ini, mengingat beberapa ruas tol sudah lebih dulu mengubah sistem transaksi pembayaran hanya dengan uang elektronik.

Herry Trisaputra Zuna, Kepala Badan Pengatur Jalan Tol (BPTJ) PT Jasa Marga (persero) Tbk, mengatakan perkembangan jelang penerapan 100 persen non tunai, hingga saat ini sudah cukup positif.

"Posisi per 8 Oktober itu sudah 75 persen. Itu semua, dari persiapan kami sampai dengan penetrasi peralihan masyarakat yang ke uang elektronik. Kalau dilihat sangat signifikan perkembangannya," kata Herry kepada KompasOtomotif, Senin (9/10/2017).

Menurut Herry, peningkatan terbesar terjadi akhir September hingga awal Oktober. Kondisi tersebut seiring dengan mulai banyaknya penerapan elektronifikasi di sejumlah pintu tol yang memang dilakukan secara bertahap.
"Kita sosialisasi sekaligus melakukan secara bertahap, jadi cukup efektif. Ditambah lagi kemarin kita baru perluas jaringan penggunaan bagi kartu Flazz yang saat ini sudah bisa digunakan. Jadi ada sisa dua minggu ini mudah-mudahan bisa berjalan baik," ucap Herry.
	</TEXT>
</DOC>