<DOC>
	<DOCNO>489</DOCNO>
	<LABLE>NONHOAX</LABLE>
	<URL>http://otomotif.kompas.com/read/2017/10/01/160200515/avanza-disukai-banyak-ibu-ibu</URL>
	<AUTHOR>DONNY APRILIANANDA</AUTHOR>
	<TITLE>Avanza Disukai Banyak Ibu-ibu</TITLE>
	<TEXT>
	Jakarta, KompasOtomotif - Toyota Avanza kembali diakui sebagai mobil yang ideal untuk keluarga. Kali ini, pengakuan datang dari ibu-ibu mayoritas pembaca majalan Mother and Baby, yang memberikan penghargaan tertinggi untuk kategori mobil keluarga terfavorit.

Penghargaan itu diterima saat penganugerahan Readers Choice Award 2017 di Kartika Expo Balai Kartini, Kamis (28/9/2017). Avanza dinilai sebagai kendaraan yang konsisten memperhatikan unsur keamanan dan kenyamanan untuk para penumpangnya, tak terkecuali anak balita dan ibunya.

Apresiasi ini sekaligus merupakan jawaban atas komitmen Toyota yang berupaya menghadirkan ever better cars kepada pelanggan, kata Executive General Manager PT Toyota-Astra Motor (TAM) Fransiscus Soerjopranoto, dalam siaran resmi (29/9/2017).

Sekilas soal fitur keamanan, desain bodi Avanza punya konsep univody yang dikembangkan Toyota dengan menggabungkan sistem semi-monokok subframe. Lalu, sasis pakai tipe monokok dari tengah ke belakang. Desain ini memberikan kemampuan lebih dalam menahan beban berat.

Berpadu dengan teknologi Global Outstanding Assesment (GOA) dari Toyota, konsep unibody  memberikan perlindungan kuat dan aman bagi seluruh penumpang.

Avanza menyentuh angka penjualan 1,6 juta unit juga merupakan kendaraan yang memiliki fitur-fitur keamanan berkendara yang modern basic safety feature seperti  airbag, 3 point seater, dan isofix.
	</TEXT>
</DOC>