<DOC>
	<DOCNO>49</DOCNO>
	<LABLE>HOAX</LABLE>
	<URL>broadcast messages</URL>
	<AUTHOR></AUTHOR>
	<TITLE>Daftar Obat Dilarang BPOM</TITLE>
	<TEXT>DAFTAR OBAT DILARANG - SURAT KEPUTUSAN BADAN POMDIKUTIP DARI SURAT KEPUTUSAN BADAN PENGAWASAN OBAT DAN MAKANAN (BPOM)REPUBLIK INDONESIA
Dengan ini diberitahukan bahwa produk-produk berikut ini
 TIDAK BOLEH DIKONSUMSI  oleh siapapun dalam wilayah hukum RepublikIndonesia:
1. OBAT PARAMEX, PRODUKSI PT. KONIMEX
2. OBAT INZA, PRODUKSI PT. KONIMEX
3. OBAT INZANA, PRODUKSI PT. KONIMEX
4. OBAT CONTREX dan CONTREXYN, PRODUKSI PT.TEMPO SCAN PACIFIC
5. HEMAVITON ENERGY DRINK, PRODUKSI PT.TEMPO SCAN PACIFIC
6. HEMAVITON ACTION, PRODUKSI PT. TEMPO SCAN PACIFIC
7. BODREX dan BODREXYN, PRODUKSI PT.TEMPO SCAN PACIFIC
8. NATUR E, DIEDARKAN OLEH PT. WIGO HOSLAB
9. SUPER TETRA, DIEDARKAN OLEH PT. WIGO HOSLAB
10. STOP COLD, DIEDARKAN OLEH PT. WIGO HOSLAB
Alasan:
1. Jumlah Prosentase PPA-nya lebih dari 15%
2. Telah terjadi bencana kematian sebanyak 13 orang di Cianjur, 2orang di Palangkaraya, 15 orang di Palu, dan 20 orang di Jayapurakarena meminum obat-obatan diatas.
3. Obat-obatan di atas mengandung racun yang amat berbahaya bagiproduksi reproduksi tubuh manusia dalam hal ini kualitas sperma dankualitas sel telur.
4. Obat-obatan diatas tidak bisa dikembalikan kedistributor/pabriknya bila rusak dan itu berbahaya bagi pembeli yangmengkonsumsinya.
5. Obat-obatan itu telah diproduksi secara tidak higienis dipabrik-pabriknya.
Demikian pemberitahuan kami. Sekian dan terimakasih.</TEXT>
</DOC>