<DOC>
	<DOCNO>490</DOCNO>
	<LABLE>NONHOAX</LABLE>
	<URL>http://otomotif.kompas.com/read/2017/09/29/104300615/honda-india-hentikan-produksi-cbr</URL>
	<AUTHOR>STANLY RAVEL</AUTHOR>
	<TITLE>Honda India Hentikan Produksi CBR</TITLE>
	<TEXT>
	New Delhi, KompasOtomotif - Honda resmi menghentikan aktivitas produksi CBR150R dan CBR250R di India. Kedua sepeda motor sport ini mulai tidak dibuat sejak April 2017, lantaran masalah regulalsi. 

Baik CBR 150 dan 150 dianggap sudah tidak memenuhi standar uji emisi BS4, sehingga Honda tak lagi mendapat izin untuk menjualnya dipasar domestik.

Keputusan tersebut diklaim sesuai dengan perintah Mahkamah Agung. Dalam laporan tersebut, Honda diklaim sudah tidak memproduksi sejak 1 April lalu 2017.

Menanggapi hal tersebut, Honda mengungkapkan akan segera menaikan standar dan memberikan beberapa fitur tambahan kedepannya.

"Ada rencana untuk kembali memproduksi kedua model tersebut. Namun masalah waktu belum bisa diunggkapkan secara rinci," ungkap Honda yang dikutip dari Indianautosblog.

Honda India meluncurkan Honda CBR 150R pada Maret 2012, semetara Honda CBR 250R pada April 2011. Dua motor sport ini sangat populer di India, sehingga sangat dinanti versi penyegarannya.
	</TEXT>
</DOC>