<DOC>
	<DOCNO>5</DOCNO>
	<LABLE>HOAX</LABLE>
	<URL>http://www.antiberitahoax.id/2017/02/hoax-pencabutan-sertifikasi-halal-untuk.html</URL>
	<AUTHOR></AUTHOR>
	<TITLE>Pencabutan Sertifikasi Halal Untuk McD, KFC, Pizza Hut, dan Dominos</TITLE>
	<TEXT> 
	Berita penting
	Dewan Yudisial Muslim (MJC) dan IQSA telah mencabut sertifikasi dari McDonald, KFC, dominos dan pizza hut.

	Menurut kajian staf dapur di Florida, amerika, bahan-bahan McDonald telah memperlihatkan bukti positif mengandung bahan dari daging babi yg disebut "LM10" yg digunakan di dalam mayones McDonald.
	Para pejabat resmi McDonald Afrika selatan telah memastikan bahwa seluruh bahan baku saus diimpor dari amerika. Para pelanggan Muslim dihimbau untuk tidak mengkonsumsi McDonald.
	Dewan Yudisial Muslim (MJC) dan IQSA juga telah menarik sertifikasi di seluruh penjuru negeri. Ini sekarang menjadi tugas anda memberitahukan orang lain....
	Jangan abaikan pesan ini, karena Anda akan berdosa jika tidak ikut menyebarkankannya kepada orang lain. Mereka yg memakannya berarti makan makanan haram. Jadi mohon beritahukanlah kepada yg lainnya.
	Pesan WA yg diteruskan
	</TEXT>
</DOC>