<DOC>
	<DOCNO>500</DOCNO>
	<LABLE>NONHOAX</LABLE>
	<URL>http://properti.kompas.com/read/2017/10/02/115920921/aeon-mall-resmi-beroperasi-di-jakarta-timur</URL>
	<AUTHOR></AUTHOR>
	<TITLE>Aeon Mall Resmi Beroperasi di Jakarta Timur</TITLE>
	<TEXT>
	Jakarta, KompasProperti - Pengembang dan peritel dari Jepang, Aeon Co. Ltd melalui PT AEON Mall Indonesia akhirnya meresmikan beroperasinya Aeon Mall Jakarta Garden City, Cakung, Jakarta Timur, sejak Sabtu (30 September 2017) kemarin. Dengan total luas lantai 165 ribu m2, area yang disewakan mencapai 63 ribu m2.

Selain diisi 227 toko, yang menarik dari mal ini adalah adanya sebuah bianglala atau kincir kincir angin raksasa. Wahana hiburan ini terdiri dari 32 gondola berpendingin udara berkapasitas 6 orang per gondola yang terletak di rooftop.

"Ini untuk menawarkan atraksi cahaya fantastik di malam hari," ujar Senior Manager Marketing Division PT AEON Indonesia Herlany Goenawan. 

Herlany menjelaskan, di lantai dasar dan area lantai 1 Aeon JGC ini terdiri dari Gourmet Terrace yang terdiri dari 25 toko, 70 kafe dan restoran. Sementara area lantai 2 terdiri dari kafe dan food court bertema hutan. "Untuk lantai 3 kami siapkan food court dengan jumlah tempat duduk sebanyak 1,300 unit," papar Herlany.

Meski tak merinci besaran nilai investasi mal ini, Freddy Chan, Vice President Director PT Modernland Realty Tbk., mengatakan dengan beroperasinya AEON Mall Jakarta Garden City (JGC) ini Kawasan Jakarta Timur, khususnya JGC, akan semakin hidup dan berkembang.

"Untuk itu properti hunian dan komersial kami siapkan terlebih dulu," kata Freddy. 

Sepakat dengan Freddy, Sami Miiettinen, Direktur Utama PT Mitra Sindo Sukses, pengembang Jakarta Garden City, mengatakan posisi JGC ke depan akan semakin diuntungkan dan bisa menjadi kawasan sunrise property sejak beroperasinya Jalan Tol Akses Tanjung Priok yang merupakan bagian dari Jalan Tol Lingkar Luar Jakarta (JORR) dan tersambung dengan Jalan Tol Dalam Kota yakni, di Seksi North South (NS) yang akan menghubungkan lalu lintas dari JORR ke Cawang, Pluit, dan juga langsung ke pelabuhan Tanjung Priok.

"Artinya kawasan ini masih akan terus berkembang dan punya potensi terus membangun 
Akses baru ini menambah kemudahan mobilitas. Dari Jakarta Garden City menuju Kelapa Gading dan sebaliknya dapat ditempuh dalam 20 menit, dan sangat dekat ke pintu tol JORR," tambahnya.
	</TEXT>
</DOC>