<DOC>
	<DOCNO>504</DOCNO>
	<LABLE>NONHOAX</LABLE>
	<URL>http://regional.kompas.com/read/2017/09/17/13420631/8-november-puteri-jokowi-kahiyang-ayu-akan-menikah</URL>
	<AUTHOR>M WISMABRATA</AUTHOR>
	<TITLE>8 November, Puteri Jokowi Kahiyang Ayu Akan Menikah</TITLE>
	<TEXT>
	SOLO, KOMPAS.com - Kahiyang Ayu, anak kedua Presiden RI Joko Widodo dan Iriana Jokowi, akan segera menikah pada 8 November 2017.

"Hari pernikahannya tanggal 8 November 2017. Gedung dan katering pakai punya sendiri," ungkap anak pertama Jokowi, Gibran Rakabuming Raka, dalam jumpa pers di kediaman keluarga Jokowi di Sumber, Solo, Minggu (17/9/2017).

Terkait persiapan yang sudah dilakukan, Gibran hanya berkomentar singkat dan meminta Kahiyang yang menjelaskan.

"Persiapannya sudah 80 persen. Ya itu saja kira-kira. Untuk tahu lebih banyak, tanya saja ke calon mantennya saja," kata Gibran.

Namun, Kahiyang yang duduk di samping Iriana juga tidak banyak berkomentar. Gadis yang mengenakan pakaian berwarna merah jambu itu hanya tersenyum dan mengatakan bahwa prosesi pernikahan di Solo akan menggunakan tradisi Jawa.

Kekasih Kahiyang, calon menantu Jokowi, bernama Bobby Nasution dan memiliki darah keturunan Tapanuli.

Dalam jumpa pers siang ini, Kahiyang didampingi oleh ibunya, serta kakaknya, Gibran, sebagai juru bicara, dan adiknya, Kaesang Pangarep. Jokowi juga sempat hadir dalam jumpa pers tersebut.
	</TEXT>
</DOC>