<DOC>
	<DOCNO>510</DOCNO>
	<LABLE>NONHOAX</LABLE>
	<URL>https://www.cnnindonesia.com/internasional/20171013030421-134-248098/as-nyatakan-keluar-dari-unesco/</URL>
	<AUTHOR>Oscar Ferry</AUTHOR>
	<TITLE>AS Nyatakan Keluar dari UNESCO</TITLE>
	<TEXT>
	Jakarta, CNN Indonesia -- Amerika Serikat menyatakan menarik diri dari UNESCO, badan budaya dan pendidikan Perserikatan Bangsa-Bangsa (PBB). Negeri Paman Sam efektif akan keluar dari UNESCO pada tanggal 31 Desember, kata Departemen Luar Negeri AS dalam sebuah pernyataan pada hari Kamis.

"Keputusan ini bukan perkara mudah, dan mencerminkan kekhawatiran AS akan meningkatnya tunggakan di UNESCO, kebutuhan akan reformasi mendasar dalam organisasi tersebut, dan melanjutkan bias anti-Israel di UNESCO," kata juru bicara Departemen Luar Negeri Heather Nauert dikutip, Reuters, Jumat (13/10).


Meski begitu, AS tetap akan terlibat sebagai non-anggota. Terutama untuk memberikan pandangan, perspektif, dan keahlian yang dipunya. AS merupakan penyumbang seperlima pendanaan UNESCO dengan sumbangan 80 juta dolar setiap tahunnya.


Keputusan menarik diri AS ini menjadi pukulan telak bagi organisasi yang bermarkas di Paris itu. 

Direktur Jenderal UNESCO Irina Bokova menyatakan kecewa atas keputusan AS itu. Pada saat berbagai konflik terus mengoyak masyarakat di seluruh dunia, "sangat disayangkan bahwa Amerika Serikat mengundurkan diri dari badan Perserikatan Bangsa-bangsa yang mendorong pendidikan untuk perdamaian dan melindungi kebudayaan yang terancam."

Irina mengatakan, keputusan AS mundur dari UNESCO ini merupakan kehilangan bagi keanggotaan PBB. Apalagi UNESCO sedang berada dalam proses untuk memilih kepala baru, yang prioritasnya akan berupa menghidupkan kembali berbagai kekayaan organisasi itu.

Langkah AS tersebut menggarisbawahi ketidakpercayaan yang dinyatakan Presiden Donald Trump bahwa AS tetap perlu mengikatkan diri dengan badan-badan multilateral. Trump disebut menjalankan pemerintah dengan mendahulukan kepentingan ekonomi dan nasional AS dibanding komitmen internasional.


Para diplomat mengemukakan kekhawatiran soal mundurnya AS dari UNESCO. Ketidakhadiran AS atau negara manapun yang memiliki banyak kekuatan adalah suatu kehilangan. 

"Ini bukan hanya masalah uang, tapi juga soal memajukan kondisi ideal yang penting bagi negara-negara seperti Amerika Serikat, seperti pendidikan dan kebudayaan," kata seorang diplomat yang tak disebutkan namanya.
	</TEXT>
</DOC>