<DOC>
	<DOCNO>529</DOCNO>
	<LABLE>NONHOAX</LABLE>
	<URL>https://www.cnnindonesia.com/internasional/20171010101511-113-247339/korut-tuduh-cia-coba-bunuh-kim-jong-un-dengan-senjata-kimia/</URL>
	<AUTHOR>Riva Dessthania Suastha</AUTHOR>
	<TITLE>Korut Tuduh CIA Coba Bunuh Kim Jong-un dengan Senjata Kimia</TITLE>
	<TEXT>
	Jakarta, CNN Indonesia -- Korea Utara menuding Badan Intelijen Pusat Amerika Serikat (CIA) dan Korea Selatan mencoba membunuh pemimpin tertinggi mereka, Kim Jong-un, dengan racun kimia sekitar awal tahun ini.

Kementerian Keamanan mengklaim pemerintah berhasil menggagalkan rencana AS dan Korsel itu dengan menangkap seorang pria bernama "Kim" yang diduga dibayar "untuk melakukan serangan zat biologis."

"Mei lalu, teroris kejam berhasil ditangkap karena menyusup ke negara kami atas perintah CIA dan intelijen negara boneka Korea Selatan dengan tujuan melakukan terorisme yang disponsori negara mereka ke markas pemimpin tertinggi kami menggunakan bahan kimia," tulis kantor berita Korut, KCNA, Selasa (10/10).

Pyongyang juga menganggap AS kerap memanfaatkan kampanye perang melawan terorisme untuk membenarkan intervensinya yang ingin menggulingkan pemerintahan negara lain seperti Afghanistan, Irak, dan Libya.


"Ini dengan jelas menunjukkan sifat asli AS sebagai pelaku utama di balik terorisme. AS layaknya bunglon yang bisa mengubah warnanya untuk membenarkan tindakannya untuk menggulingkan pemerintah negara lain," tulis KCNA seperti dikutip The Independent.

Ini bukan pertama kalinya Pyongyang menuding AS berupaya menggulingkan rezim Jong-un. Sebelumnya, Pyongyang menuduh Washington dan Seoul merencanakan plot yang dikenal dengan sebutan "Plan Jupiter" untuk membunuh diktaktor muda tersebut.



Tudingan ini muncul di tengah ketegangan antara AS dan Korut dalam beberapa bulan terakhir akibat ambisi Pyongyang yang terus menggencarkan pengembangan senjata rudal dan nuklirnya.

Silih ancam perang antara Kim Jong-un dan Presiden Donald Trump dalam beberapa waktu belakangan ini pun memperkeruh ketegangan di Semenanjung Korea.

Dalam retorika terbarunya, Trump bahkan mengisyaratkan ingin menggunakan opsi militer untuk menyerang Korut.

Para presiden dan pemerintahnya sudah berunding dengan Korea Utara selama 25 tahun, kesepakatan dicapai dan dana besar pun dibayar, kicau Trump.

Tidak berhasil, kesepakatan dilanggar sebelum tinta kering, menipu para juru runding AS. Maaf, tapi hanya ada satu jalan yang akan berhasil!
	</TEXT>
</DOC>