<DOC>
	<DOCNO>531</DOCNO>
	<LABLE>NONHOAX</LABLE>
	<URL>https://www.cnnindonesia.com/internasional/20171010001512-134-247294/presiden-turki-kecam-as-terkait-penangguhan-layanan-visa/</URL>
	<AUTHOR>Oscar Ferry</AUTHOR>
	<TITLE>Presiden Turki Kecam AS Terkait Penangguhan Layanan Visa</TITLE>
	<TEXT>
	Jakarta, CNN Indonesia -- Presiden Turki Tayyip Erdogan mengatakan, keputusan Amerika Serikat untuk menangguhkan layanan visa di Turki sangat mengecewakan. Erdogan juga menyebut keputusan AS menangguhkan layanan visa juga telah mengacaukan situasi yang ada.

"Di atas segalanya, keputusan tersebut sangat menjengkelkan, karena kedutaan (AS) di Ankara mengambil keputusan dan pelaksanaan seperti itu mengacaukan," kata Erdogan dalam sebuah konferensi pers saat berkunjung ke Ukraina seperti dikutip dari Reuters, Senin (9/10).

Turki sendiri mendesak AS untuk meninjau ulang keputusan penangguhan layanan visa itu, terutama setelah penangkapan pegawai konsulat AS yang semakin meningkatkan ketegangan antara kedua negara.

Penangkapan pegawai konsulat AS pada minggu lalu di Istanbul karena dianggap memiliki hubungan dengan ulama Muslim AS, Fethullah Gulen yang dituding sebagai dalang kudeta militer yang gagal pada Juli 2016 silam.

Kedutaan Besar AS di Ankara mengecam tuduhan tanpa dasar tersebut. Usai penangkapan itu, AS melalui kedutaannya di Ankara mengumumkan pada hari Minggu malam bahwa pihaknya menghentikan semua layanan visa non-imigran di Turki.

Selang beberapa jam, Pemerintah Turki membalas dengan mengambil tindakan yang sama terhadap layanan visa warga AS.

Kemudian pada hari Senin, kementerian luar negeri Turki memanggil salah seorang diplomat AS untuk mendesak negaranya mencabut penangguhan visa tersebut. Pemerintah Turki mengatakan bahwa penangguhan visa tersebut menyebabkan "ketegangan yang tidak perlu".

Menteri Kehakiman Abdulhamit Gul mengatakan jika Washington memiliki masalah keamanan serius mengenai misinya di Turki terkait penangguhan visa, maka pihaknya akan mengambil langkah-langkah sebagai solusi.

"Tapi jika ini menyangkut penangkapan pegawai konsulat, maka ini adalah keputusan yang dibuat pengadilan Turki," kata Gul kepada televisi A Haber. 

Kantor berita setempat, Anadolu yang dikelola Pemerintah Turki mengatakan seorang pekerja konsulat AS lainnya telah dipanggil untuk memberi kesaksian mengenai dugaan istrinya dan anak perempuannya mempunyai kaitan terhadap Gulen - yang dikatakannya muncul saat diinterogasi oleh Metin Topuz, karyawan tersebut ditangkap pekan lalu.
	</TEXT>
</DOC>