<DOC>
	<DOCNO>542</DOCNO>
	<LABLE>NONHOAX</LABLE>
	<URL>http://tekno.kompas.com/read/2017/10/03/10521527/whatsapp-bikin-emoji-sendiri-mirip-buatan-apple</URL>
	<AUTHOR>OIK YUSUF</AUTHOR>
	<TITLE>WhatsApp Bikin Emoji Sendiri, Mirip Buatan Apple</TITLE>
	<TEXT>
	KOMPAS.com - Selama ini, WhatsApp selalu menggunakan rangkaian emoji hasil desain Apple yang seragam di semua platform aplikasinya, baik untuk iPhone, Mac, Windows, maupun Android.

Namun, perusahaan layanan pesan instan tersebut belakangan diduga berniat menggunakan serangkaian emoji baru yang didesain oleh mereka sendiri.

Rangkaian emoji baru itu diketahui muncul di versi beta teranyar dari aplikasi WhatsApp. Jika Anda mengaktifkan program beta dan menjadi beta tester, maka emoji ini bakal muncul di update terbaru.

Rancangan emoji ala WhatsApp terlihat berbeda dari sebelummnya, namun masih mirip dengan emoji buatan Apple.

Emojipedia mengungkapkan, sejumlah perbedaan sekaligus kemiripan antara emoji bikinan WhatsApp dan Apple. Emoji "information lady", misalnya, memiliki warna baju dan gaya rambut berbeda.
Sementara, sebagaimana dirangkum KompasTekno dari Business Insider, Kamis (3/10/2017), emoji hantu bikinan WhatsApp tak memiliki gradasi di bagian bawah.

Belum diketahui kapan WhatsApp akan menyalurkan emoji baru rancangan sendiri ini secara meluas. Berhubung baru muncul dalam aplikasi versi beta, ada kemungkinan rangkaian emoji itu akan mengalami perubahan lagi sebelum dirilis.

Berkebalikan dari WhatsApp, Messenger, layanan pesan instan lain yang dimiliki Facebook, justru tak akan memakai emoji rancangan sendirinya lagi yang mulai diterapkan tahun lalu.

Senin kemarin, Facebook mengumumkan bahwa rangkaian emoji di Messenger akan disamakan dengan emoji di aplikasi utama Facebook.
	</TEXT>
</DOC>