<DOC>
	<DOCNO>547</DOCNO>
	<LABLE>NONHOAX</LABLE>
	<URL>http://entertainment.kompas.com/read/2017/10/09/213615410/syahrini-akan-biayai-umrah-10-calon-jemaah-haji-korban-first-travel</URL>
	<AUTHOR>IRA GITA NATALIA SEMBIRING</AUTHOR>
	<TITLE>Syahrini Akan Biayai Umrah 10 Calon Jemaah Haji Korban First Travel</TITLE>
	<TEXT>
	JAKARTA, KOMPAS.com - Penyanyi Syahrini mengungkapkan keprihatinannya melihat calon jemaah haji kasus First Travel yang belum bisa berangkat.

Hal itu ia katakan saat ditemui usai menjalani pemeriksaan di Bareskrim Mabes Polri, Jalan Merdeka Timur, Jakarta Pusat, Senin (9/10/2017)

"Saya sebagai yang pernah beberapa kali umrah sangat prihatin. Saya berharap sekali semoga jemaah yang belum berangkat bisa segera berangkat," kata Syahrini.

Dia berencana untuk membiayai 10 orang calon jamaah haji yang sudah menabung puluhan tahun, namun belum berkesempatan berangkat ke Tanah Suci.

"Saya mau membantu, tolong siapa saja yang benar-benar puluhan tahun saat ini belum berangkat insya Allah," kata Syahrini.

"Dia bersedia membiayai 10 orang," sambung Hotman Paris Hutapea, kuasa hukumnya.

Manajer sekaligus adik kandung Syahrini, Aisyahrani menambahkan, ia akan menyeleksi 10 orang yang akan diberangkatkan melalui Yayasan Peduli Korban First Travel.

"Ada Yayasan Peduli Korban First Travel, saya akan minta data yang betul-betul nabungnya belasan tahun saya akan cari insya Allah saya akan berangkatkan," tambahnya.
	</TEXT>
</DOC>